Unnamed: 0,created_at,text,retweets,likes
0,2025-03-25 00:25:17+00:00,I told you all #TSLA would rally! A 12% ($30) rally during trading hours and another 1.3% ($4) in after-hours. And those #options I bought gained 109%! Not bad. I think it's got legs to keep going! #StockMarket #StocksToBuy #StocksToWatch #Bullish on @Tesla #SPX #SPY https://t.co/8EMdxTN580 https://t.co/eMpJ1EvNbK,0,0
1,2025-03-25 00:22:30+00:00,"ğŸ”¥ The US stock market soared today, adding $1.5 trillion to its market capitalization! ğŸš€ Stocks and crypto are delighting investors with green gainsâ€”bulls are in control! ğŸŸ¢
#StockMarket #Crypto https://t.co/pOjaABf1Oy",0,0
2,2025-03-25 00:20:24+00:00,"@Theory_Corps (1999-2002 West Nile Virus) (2003 SARS-CoV) (2006 Mumps) (2009 â€“ H1N1 Virus (Swine Flu) (2012 â€“ Whooping Cough) (2012 â€“ MERS-CoV) (2016 â€“ Zika Virus) for all trial runs by the government to sufficiently disperse covid-19 stockmarket,population control, forced buy businesses",0,0
3,2025-03-25 00:18:48+00:00,"Analysis worked perfectly ğŸ”¥â¤ï¸

#stockmarket #trading #marketanalysis #education #learnbeforeyouearn https://t.co/ueWPQQ3eu6",0,2
4,2025-03-25 00:18:36+00:00,MSTR STOCK PREDICTION (Strategy Stock Price Action Trading Strategies) B... https://t.co/rdsKSdCoAZ #FINANCE #FINANCIAL #FINANCIALSTOCKS #INVESTING #INVESTMENTS #INVESTMENT #TECH #TECHNOLOGY #STOCK #STOCKS #StockMarket #MSTR $MSTR #STRATEGY #MICROSTRATEGY #SAYLOR #BITCOIN #BTC,0,0
5,2025-03-25 00:17:54+00:00,"RT @Teeka_Tiwari: After a surge in bullish investor sentiment throughout 2024, weâ€™ve seen fear return to the markets. #StockMarket #Investiâ€¦",2,0
6,2025-03-25 00:16:53+00:00,"Oh, very interesting news from Rolls-Royce, about potentially moving some of their production to America!

I believe this is a great time to invest in Rolls-Royce ğŸ“ˆğŸ“ˆğŸ“ˆ #StockMarket #Investing 

""The Art of The Possible"" is a brilliant line! $RLLCF @RollsRoyce @rollsroycecars",0,0
7,2025-03-25 00:16:38+00:00,RT @Teeka_Tiwari: Imagine itâ€™s 2007. Youâ€™re reading a newspaper and see that Apple has launched a new device called the iPhone. #Apple #Tesâ€¦,2,0
8,2025-03-25 00:16:29+00:00,Love me some $MYNZ! This healthcare diagnostic stock is up 59.5% - not bad for a Monday! Gonna add a few more shares. #StockMarket #Investing #Healthcare #BusinessOwner,0,0
9,2025-03-25 00:15:40+00:00,"RT @Teeka_Tiwari: If youâ€™re looking to make (and keep) a fortune during these market pullbacks, you must focus the bulk of your capital onâ€¦",3,0
0,2025-04-04 19:57:44+00:00,"Let's see how far #Trump non sense will take us, and more importantly, how much is going to cost us.  Walmart is about to become a luxury store ğŸ¤£ 
#WarTariffs #Tariffs #TrumpTariffs #Recession #Inflation #StockMarket #USAeconomy #China https://t.co/Hkh4ZqwjRM",0,0
1,2025-04-04 19:57:37+00:00,"SINCE TRUMP TOOK OFFICE, THE U.S. STOCK MARKET HAS LOST $10 TRILLION IN VALUE. ğŸ“‰

#STOCKMARKET #TRUMP #WALLSTREET #RECESSION #TARIFFS https://t.co/X2OWzwcSkm",0,1
2,2025-04-04 19:57:26+00:00,"ğŸ“‰ Wall Street just had its worst day since 2020!

ğŸ”» Nasdaq -6% | S&amp;P 500 -4.8% | Dow -3.9%
ğŸ’¥ Trumpâ€™s new tariffs rattled markets
ğŸ Apple &amp; Nvidia shed $470B in value
ğŸ’µ USD at 6-month low
ğŸ›¢ï¸ Oil dives on global slowdown fears
#StockMarket #TrumpTariffs #WallStreet #Recession https://t.co/DtQg4dUTWk",0,0
3,2025-04-04 19:56:59+00:00,"Results happen over time, not overnight. Work hard, stay consistent, and be patient. #stockmarket",0,0
4,2025-04-04 19:56:55+00:00,"ğŸš¨ Amid Trumpâ€™s tariffs, U.S. defense stocks like Lockheed &amp; Northrop may be your smartest move right now.

Hereâ€™s why investors are betting big:
ğŸ‘‰ https://t.co/ZKOT08u73Q
#DefenseStocks #StockMarket #Tariffs #Investing #LockheedMartin #NorthropGrumman #FinanceNews",0,1
5,2025-04-04 19:56:35+00:00,"@RpsAgainstTrump .-.
TRUMP AND THE STOCK MARKET CRASH

Donald Trump will declare like a clown
The stock market is gonna go down

..he claims that the crash
..will be gone in a flash

And thatâ€™s why heâ€™s escaping the town.

#stockmarketcrash #StockMarket #TrumpTariffs #tariffs #TrumpIsUnfit https://t.co/lkHOoIIia7",0,1
6,2025-04-04 19:56:16+00:00,"Coincidence? I don't think so. In the meantime, he and the billionaires are making more money by selling and re buying at lower prices  
#TrumpScam #TrumpStockMarket #Trump #StockMarket #Tariffs #TariffWar #WarTariffs https://t.co/i8AB0MVA8D",0,0
7,2025-04-04 19:55:46+00:00,Next Friday youâ€™ll be nostalgic about todayâ€™s prices in #StockMarket.,1,1
8,2025-04-04 19:55:39+00:00,"Coincidence? I don't think so. In the meantime, he and the billionaires are making more money by selling and re buying at lower prices  
#TrumpScam #TrumpStockMarket #Trump #StockMarket #Tariffs #TariffWar #WarTariffs https://t.co/RBbpfwMyCd",0,0
9,2025-04-04 19:55:30+00:00,lol I was right ğŸ˜… #stockmarketcrash #StockMarket #tariffs https://t.co/A53jfrcerP,0,0
0,2025-04-04 20:12:56+00:00,"Monday Index will hit 10% Circuit ğŸ’ª

#nifty #stockmarket",0,0
1,2025-04-04 20:12:49+00:00,"The U.S. stock market has lost $9.6 trillion in value since Trump was inaugurated.

#TrumpTariffs #stockmarketcrash #StockMarket #Trump https://t.co/fCaVPi2gAx",0,0
2,2025-04-04 20:12:46+00:00,"$AABB going to be the new flight to safety? If you understand whatâ€™s coming next week then you know!!! #RETAIL KNOWS!!!
$HODL $AABB #FAFO #ASIA #Mexico #GOLD #MINING #AABB #nvdia #STOCKSTOWATCH #AMC #GME #BBBYQ #MMTLP #OTC #TSLA #GOLD   #SILVER #StockMarket #CRYPTO #OTC https://t.co/XCkQwFmbSj",0,0
3,2025-04-04 20:12:39+00:00,"SPX just logged its worst back-to-back days in nearly 50 years.

#SPX500 #stockmarket",0,0
4,2025-04-04 20:12:11+00:00,"ğŸš¨ BREAKING: The S&amp;P 500 took a massive hit this week, with around $4 trillion in value evaporating! ğŸ“‰ What does this mean for investors and the economy moving forward? ğŸ§ğŸ’° Letâ€™s discuss! #StockMarket #Economy #Investing #SP500",0,0
5,2025-04-04 20:12:10+00:00,NOT FINANCIAL ADVICE ğŸš« Find more by link in bio âš ï¸ #btc #bitcoin #crypto #stockmarket #market #trading #trader #eth #xrp #sol #pepe #trump #marketcrash https://t.co/NINCOC3Vn8,0,0
6,2025-04-04 20:11:48+00:00,Nike stock spikes 5% after Vietnamese leader signals willingness to negotiate #StockMarket #Stocks #StockTrading https://t.co/9845tXpu6h,0,0
7,2025-04-04 20:11:47+00:00,"@WatcherGuru And they said #Bideninflation was bad but @realDonaldTrump said hold my golf club ğŸ’©
#stockmarketcrash
#Trumpflation 
#TrumpTariffs 
#DonaldTrump 
#TrumpDump 
#stocks
#StockMarket
#MakeAmericaPoorAgain",0,1
8,2025-04-04 20:11:46+00:00,"@unusual_whales ğŸš¨ğŸš¨Markets look extremely oversoldâ€”14-RSI near historic lows and a 3-sigma Bollinger event. 97.5% probability of a bounce incoming? #StockMarket #Trading #investing 
ğŸ“‰https://t.co/6rru0lp0Pj",0,0
9,2025-04-04 20:11:43+00:00,"The U.S. stock market has lost $10 trillion in value since Trump was inaugurated.
#StockMarket #Crypto #Bitcoin #Investing #Trading #Cryptocurrency #Stocks #Ethereum #Finance #BTC #ETH #WallStreet #CryptoNews #StockPicks #Blockchain #DayTrading #Invest #Altcoin #CryptoTrading https://t.co/0hQ7eBhAaL",0,2
10,2025-04-04 20:11:29+00:00,"#stockmarket When measured by PPP, which adjusts for differences in the cost of living and purchasing power, the U.S. share of global GDP is around 15.5%.  Why should US market cap be 64% .. https://t.co/90vFTgN0FW",0,1
11,2025-04-04 20:11:20+00:00,"The U.S. stock market has lost $9.6 trillion in value since Trump was inaugurated.
#StockMarket #Crypto #Bitcoin #Investing #Trading #Cryptocurrency #Stocks #Ethereum #Finance #BTC #ETH #WallStreet #CryptoNews #StockPicks #Blockchain #DayTrading #Invest #Altcoin #CryptoTrading https://t.co/2bPYDkg2qV",0,0
12,2025-04-04 20:11:15+00:00,"NASDAQ Index, SP500, Dow Jones Forecasts â€“ Stocks Crash As China Strikes Back #StockMarket #Stocks #StockTrading https://t.co/bMmDXHuNe7",0,0
13,2025-04-04 20:11:13+00:00,"ğŸ“‰ #StockMarket Wrap-Up Today:
 ğŸ”¹ #DOW -5.5%
 ğŸ”¹ #NASDAQ -5.82%
 ğŸ”¹ #SP500 -5.97%
 ğŸ”¶ $NVDA: -6.49%
 ğŸ”¶ $AAPL: -6.23%
 ğŸ”¶ $MSFT: -2.6%
 ğŸ“ˆ Top Gainers:
 ğŸ”º $NVR: 5.58%
 ğŸ”º $DHI: 5.12%
 ğŸ”º $PHM: 4.62%
 ğŸ“‰ Top Losers:
 ğŸ”» $BKR: -12.95%
 ğŸ”» $APA: -13.55%
 ğŸ”» $GEHC: -14.01% https://t.co/LprYpGnV5t",0,0
14,2025-04-04 20:10:12+00:00,"Feeling uncertain about the recent market ups and downs? ğŸ“‰ In this vlog, Cynthia Meyer, CFPÂ® and owner of Real Life Planning, breaks down what market volatility really meansâ€”and how to stay focused on your long-term goals. #MarketVolatility #FinancialPlanning #StockMarket https://t.co/7G1JLFJkbN",0,0
15,2025-04-04 20:09:35+00:00,"@unusual_whales America voted for @realDonaldTrump and got ğŸ’© on and keeps getting ğŸ’© on 
#stockmarketcrash
#Trumpflation 
#TrumpTariffs 
#DonaldTrump 
#TrumpDump 
#stocks
#StockMarket
#MakeAmericaPoorAgain",0,0
16,2025-04-04 20:09:29+00:00,"Everyone right now

#stocks #stockmarket #trading #investing #daytrading #stockmarketcrash #TrumpTariffs https://t.co/sA1y4DRSQf",0,0
17,2025-04-04 20:09:28+00:00,"Repeating again and again - Believe it or not, Trump is a curse for the world!!

#Trump #stockmarketcrash #StockMarket #nifty #niftycrash #NiftyBank #tariffwar #niftyOptions #SEBI #Tariffs #Nasdaq100 #dowjones https://t.co/msTu6bd7iA https://t.co/ABMNe85GXQ",0,0
18,2025-04-04 20:09:24+00:00,Tariffs are hitting stocks harder than COVID ever did. The marketâ€™s fear isnâ€™t a virusâ€”itâ€™s a trade war. ğŸ“‰ğŸ’¥ #Tariffs #StockMarket #TradeWar https://t.co/Ah8RqIuwIa,0,0
19,2025-04-04 20:09:18+00:00,"If this escalation continues, it may even challenge the viability of entire nations. Trade is, first and foremost, built on relationships of trustâ€”relationships that take time to establish. ğŸ‘‡https://t.co/GP0DUJBLxE
#TradeBalance #StockMarket",0,0
20,2025-04-04 20:08:51+00:00,NFP week final boss #DayTrading #Futures #StockMarket #ForexMarket #crypto #ict #btc #Bitcoin https://t.co/m1XTDQylYQ,0,0
21,2025-04-04 20:08:43+00:00,"lets give a listen what they might be thinking 

#Bitcoin #BTC #Crypto #Blockchain #HODL #Cryptotrading #StockMarket #Stocks #Trading #Investing #Finance #DayTrading #Money #Wealth #Gold #GoldInvesting #PreciousMetals #GoldPrice #Bullion #GoldMarket https://t.co/KUYQCjzJWu",0,2
22,2025-04-04 20:08:36+00:00,"NASDAQ Index, SP500, Dow Jones Forecasts â€“ Stocks Crash As China Strikes Back #StockMarket #Stocks #StockTrading #ETHhttps://https://t.co/PaXJpzYQzR",0,0
23,2025-04-04 20:08:23+00:00,"Stock Market Declines: US stocks saw their biggest drop in 5 years, European stocks in 8 months, and oil in 7 months. However, gold (XAUUSD) and Bitcoin remained stable, with gold at 3103.

#MarketUpdate #USATariffs #GlobalRecession #StockMarket #Commodities #Gold #Bitcoin https://t.co/R1wX5AjiMr",0,1
24,2025-04-04 20:07:46+00:00,"NASDAQ Index, SP500, Dow Jones Forecasts â€“ Stocks Crash As China Strikes Back #StockMarket #Stocks #StockTrading https://t.co/AQj5fsdfjM",0,0
25,2025-04-04 20:07:41+00:00,"@unusual_whales Winning so much you hate winning ğŸ’© 
@realDonaldTrump 
#stockmarketcrash
#Trumpflation 
#TrumpTariffs 
#DonaldTrump 
#TrumpDump 
#stocks
#StockMarket
#MakeAmericaPoorAgain",0,0
26,2025-04-04 20:07:25+00:00,At least $SPX can't possibly close down another 5.97% on Monday.   #TimeStamp #StockMarket,0,1
27,2025-04-04 20:07:24+00:00,"#Tariffs Cause Another #StockMarket #Routâ€”Losses Approach $5 #Trillion As #Dow Plummets Another 2,200 Points - #business #money #Finance #stocks #stockmarketcrash #stockmarkets 

https://t.co/HnnSrhuD0V",0,0
28,2025-04-04 20:07:20+00:00,Markets close down again and FOX is doing this. #FOX #FoxNews #Tariffs #StockMarket #News https://t.co/2GexdnIeOQ,0,0
29,2025-04-04 20:07:20+00:00,"WORST DAY IN THE US STOCK MARKET SINCE 2020

#stockmarketcrash #StockMarket https://t.co/VE3ut326vj",0,2
30,2025-04-04 20:07:12+00:00,This is fun ğŸ“‰ #stockmarket #commodities https://t.co/DsieeFZKBz,0,0
31,2025-04-04 20:06:48+00:00,"What did I wake up to this morning ğŸ˜ ğŸ˜­ 
#stockmarketcrash 
#StockMarket 
#tariffs https://t.co/fwRxvl31N2",0,0
32,2025-04-04 20:06:29+00:00,"Dow drops 2,200 points Friday, S&amp;P 500 loses 10% in 2 days as Trumpâ€™s tariff rout deepens

#US #StockMarket #WallStreet https://t.co/5u7ERhrurf",0,0
33,2025-04-04 20:06:27+00:00,"One of the major contributors to market melt-down:
""Hedge funds hit with steepest margin calls since 2020 Covid crisis""
Part of article in Financial Times.
#StockMarket #Investing #HedgeFunds https://t.co/LlgybdmBg7",0,0
34,2025-04-04 20:06:11+00:00,Nike stock spikes 5% after Vietnamese leader signals willingness to negotiate #StockMarket #Stocks #StockTrading https://t.co/efDiUNbtIo,0,0
35,2025-04-04 20:05:48+00:00,"THE DOW JONES JUST DROPPED BY MORE THAN 1,500 POINTS ON BACK-TO-BACK TRADING DAYS
#StockMarket #Crypto #Bitcoin #Investing #Trading #Cryptocurrency #Stocks #Ethereum #Finance #BTC #ETH #WallStreet #CryptoNews #StockPicks #Blockchain #DayTrading #Invest #Altcoin #CryptoTrading",0,3
36,2025-04-04 20:05:45+00:00,"How does losing 10% in your 401k in the last two days feel?

Winning yet?

#TrumpTariffs #Trump #StockMarket #stockmarketcrash https://t.co/iJxvI4QgRR",0,0
37,2025-04-04 20:05:44+00:00,"ğŸš¨ LIBERATION DAY turned into LIQUIDATION WEEK ğŸ”»

$SPY -9.03%
$QQQ -9.75%
$DJI -7.86%
$IWM -9.63%

Markets didnâ€™t correct â€” they capitulated.
Hereâ€™s the final weekly heatmap of the S&amp;P 500 ğŸ“‰ğŸŸ¥
#StockMarket #SP500 #MarketCrash #Heatmap https://t.co/LPEg4wmEdS",0,0
38,2025-04-04 20:05:32+00:00,"@RothLindberg Where are those 9 millions now?

Everybody knows that in #StockMarket game what one loses, other wins...

Follow the money.",0,2
39,2025-04-04 20:05:14+00:00,"@unusual_whales At this point doesnâ€™t matter if itâ€™s bear or bull market. Itâ€™s all about how the govt handles tarries or else weâ€™ll see new lows next week. 
#tariffs #Selloff #StockMarket",0,0
40,2025-04-04 20:05:01+00:00,"ğŸ‘‡
$ATLO $CZFS $FDBC 
Like ğŸ˜ ğŸ™
 #tradingstrategy  #StockMarket  #StocksToBuy  #options  #wallstreet  #news  #Stocks  #ToTheMoon  #UnusualActivity  #StocksToWatch  #daytrading  #investing  #marketupdates  #bottomfishing #ChatGPT",0,0
41,2025-04-04 20:04:54+00:00,"Watch the full video on our YouTube channel, the next lifestream will be on Sunday! NOT FINANCIAL ADVICE â€¼ï¸ Find more here https://t.co/SK0HnMjnMp #truthetrader #elcarotrade #trading #bitcoin #crypto #btc #eth #sol #pepe #doge #stockmarket #marketcrash #xrp #fyp #viral #ripple https://t.co/MvW3G05AjW",0,3
42,2025-04-04 20:04:17+00:00,"So @CBSNews is going to break in with ""breaking news"" everyday about the #tarrifs and #StockMarket its fear mongering!
And at 2 right when #letsmakeadeal
Starts!!",0,0
43,2025-04-04 20:04:17+00:00,"So many new retail investors can be flooding the #StockMarket right now, but instead contribute to the fear and bashing of the tariff plan. 
Poor and stupid ye shall remain.",0,0
44,2025-04-04 20:04:06+00:00,@unusual_whales Trumpâ€™s Tariff Fallout? ğŸ“‰ğŸ’¸ US stock market down $9.6T since inauguration. Volatility spikes as trade policies shake investor confidence. #StockMarket #TrumpTariffs #Economy,0,0
45,2025-04-04 20:04:04+00:00,"Watch the full video on our YouTube channel, the next lifestream will be on Sunday! NOT FINANCIAL ADVICE â€¼ï¸ Find more here https://t.co/TeDFTrAfPI #truthetrader #elcarotrade #trading #bitcoin #crypto #btc #eth #sol #pepe #doge #stockmarket #marketcrash #xrp #fyp #viral #ripple https://t.co/SSzdAyDfub",0,0
46,2025-04-04 20:04:00+00:00,"ğŸ’° 80% Gain on #RXRX!

RXRX went crazy, and we caught the move! ğŸ“ˆ Locked in 80% gains! Are you trading this one?
#StockMarket #TradingGains https://t.co/hcyko65FPS",0,0
47,2025-04-04 20:03:50+00:00,"NASDAQ 100 IS OFFICIALLY IN A BEAR MARKET ğŸ» The NASDAQ 100 $QQQ just closed the day DOWN ğŸ“· 20% off its most recent all time highs the technical definition of a BEAR MARKET
#StockMarket #Crypto #Bitcoin #Investing #Trading #Cryptocurrency #Stocks #Ethereum #Finance #BTC #ETH https://t.co/5WHCKuQKol",0,1
48,2025-04-04 20:03:44+00:00,"Bought a little bit at the close, but it's admittedly only a very small percentage of the account.  #StockMarket",0,0
49,2025-04-04 20:03:38+00:00,"@TradingThomas3 At this point doesnâ€™t matter if itâ€™s bear or bull market. Itâ€™s all about how the govt handles tarries or else weâ€™ll see new lows next week. 
#tariffs #Selloff #StockMarket",0,0
50,2025-04-04 20:03:36+00:00,"The Miracle of The Global Structure Network Limited: How Bold Leadership is Transforming Self-Care, Consumer Goods, and Consumer Health

https://t.co/X63xspq8Oh

#financialindependence #stockmarket #bhfyp #mutualfunds #wealthylife #wealthy #financialeducation #wealthymindset",0,0
51,2025-04-04 20:03:31+00:00,"While the #StockMarket crashes the orange azzhole is playing golf in Florida. The Dow down in the toilet. 2,231.07. Trump destroys everything he touches.",0,0
52,2025-04-04 20:03:30+00:00,"ğŸ’ $TWOH ğŸ’ $TWOH ğŸ’ $TWOH 
                   + 68% Today ğŸ’¥B
              â€œWhat A Day andâ€¦.. 
       This Is Just The Beginningâ€
($4.00 Minimum SP For Nasdaq Entry)

#LONG #NYSE #stockmarketcrash #NASDAQ #StockMarket #UpList #SPAC #Mergers #Acquistions #Trump #StockToBuy #AI https://t.co/U0ZNNArj2d",1,3
53,2025-04-04 20:03:25+00:00,"When you look at google trends you pretty quickly realize that most people are just hyped about the Warriors Lakers gameâ€¦shits not that deep 

#tariffs #Lakers #Warriors #trump #StockMarket #Nasdaq #RussellBrand #LiberationDay #Libs https://t.co/ZDXyOoz7Ts",0,0
54,2025-04-04 20:02:49+00:00,"ğŸ’ $TWOH ğŸ’ $TWOH ğŸ’ $TWOH 
                   + 67% Today ğŸ’¥B

              â€œWhat A Day andâ€¦.. 
       This Is Just The Beginningâ€
($4.00 Minimum SP For Nasdaq Entry)

#LONG #NYSE #stockmarketcrash #NASDAQ #StockMarket #UpList #SPAC #Mergers #Acquistions #Trump #StockToBuy #AI",0,1
55,2025-04-04 20:02:47+00:00,"Can safely say that this is at least a correction. Since the Nasdaq is down in bear country, the other two major indices will soon follow.

#Dow #stockmarket",0,0
56,2025-04-04 20:02:45+00:00,"ğŸš¨ Is Trumpâ€™s trade war pushing the U.S. toward economic chaos? Tariffs, global backlash &amp; rising costsâ€”what's next for America? Find out the real impact!

ğŸ” Read more: https://t.co/FywTuvn37L

#Trump #TradeWar #Economy #StockMarket #Politics #Tariffs #Finance #GlobalTrade",0,2
57,2025-04-04 20:02:33+00:00,"Thanks, Trump!

SO MUCH WINNING!

#tariffs #StockMarket #stockmarketcrash https://t.co/jx9EmOqGfu",0,1
58,2025-04-04 20:02:26+00:00,"Correction is inevitable ..

#BTC 
#StockMarket",0,2
59,2025-04-04 20:02:14+00:00,@purplerain116 I own few shares of GME however #AMC remains the imperial flower of the entire #StockMarket I own more shares of AMC and will continue holding until I get to the moon,0,1
0,2025-04-02 22:08:54+00:00,"RT @TheEconomist: Turkeyâ€™s economy has taken a hit as a result of the ongoing protests. Stockmarket regulators have banned short selling, wâ€¦",179,0
1,2025-04-02 22:07:54+00:00,"Digital currencies are literally immune to tariffs, and ppl are selling?

Do these morons realize these digital currencies can't be tariffed? 

#Trump #StockMarket #Bitcoin #ETH",0,1
2,2025-04-02 22:07:43+00:00,"RT @zona_inversion: Buenos dÃ­as ğŸ˜€,  #reflexion bursÃ¡til. La #Bolsa  y la #Vida ğŸŒ

#zona #TradingTips #TradingSignals #tradingpsychology #inâ€¦",6,0
3,2025-04-02 22:07:29+00:00,"JUST IN: ğŸ‡ºğŸ‡¸ğŸ‡¨ğŸ‡³ US raises total tariffs on Chinese goods to 54%.

""This tariffs ""Drama is more entertaining than Indian movies.""

#Trump  #China #tariffs #stockmarket #Crypto https://t.co/iElyv90hju",0,0
4,2025-04-02 22:06:15+00:00,"$XAGUSD 1D;

""Finally"" the gold to #silver ratio broke to the upside!

This is not good.. this is bad.. last time we saw such moves(which could happen now)

Was in 2008 and 2020

#Investing #StockMarket #Trading #Finance #Stocks https://t.co/p4v7BECEVY",0,1
5,2025-04-02 22:05:46+00:00,"RT @TheEconomist: Turkeyâ€™s economy has taken a hit as a result of the ongoing protests. Stockmarket regulators have banned short selling, wâ€¦",179,0
6,2025-04-02 22:05:22+00:00,"ÙÙŠ Ø§Ù„Ø±Ø¨Ø¹ Ø§Ù„Ø£ÙˆÙ„ Ù…Ù† 2025ØŒ ÙƒØ§Ù†Øª Ø£Ø³Ù‡Ù… iBioØŒ Inc. Ù…Ù† Ø¨ÙŠÙ† Ø§Ù„Ø£ÙƒØ«Ø± Ø´Ø±Ø§Ø¡Ù‹ Ù…Ù† Ù‚Ø¨Ù„ Ø§Ù„Ù…Ø³ØªØ«Ù…Ø±ÙŠÙ†. Ù‡Ù„ Ø³ØªØ³ØªØ«Ù…Ø± ÙÙŠÙ‡Ø§ Ø£ÙŠØ¶Ù‹Ø§ØŸ ØªØ§Ø¨Ø¹ÙˆØ§ Ø¢Ø®Ø± Ø£Ø®Ø¨Ø§Ø± Ø§Ù„Ø³ÙˆÙ‚!

#iBio#InsiderBuying#StockMarket#Q12025 https://t.co/mfVhzqbi6c",0,0
7,2025-04-02 22:04:56+00:00,"Markets are rattled, sentiment is low â€” and thatâ€™s when real opportunities are born.

Still sitting on $30K cash. Tomorrow, Iâ€™m buying the Chinese dip.

Top picks: $NIO and $BABA.
What are yours?

#Investing #ChinaStocks #BuyTheDip #NIO #BABA #StockMarket $BYD $LI $XPEV",0,1
8,2025-04-02 22:04:48+00:00,"RT @uselinkinv: $XAUXAG 1D;

Pretty nasty candle for the #gold #silver ratio

$GDX $GDXJ $SIL $SILJ #silver #gold $XAUUSD $XAGUSD 

#Investâ€¦",6,0
9,2025-04-02 22:04:07+00:00,"$SPY futures gap down on the open following the #tariffs announcement. Bulls are going to need some fakeout help before the bell rings tomorrow. 

Currently down 3% after close. Limit down tomorrow is not out of the question. #StockMarket https://t.co/lzBGLuwf1p",0,1
10,2025-04-02 22:03:49+00:00,RT @AustinBrother84: #LuxuryRealEstate #LuxuryTraveling #LuxuryYacht #LuxuryLife #LuxuryMansion #LuxuryLiving #Trillions #Crypto #Bitcoin #â€¦,10,0
11,2025-04-02 22:03:45+00:00,"$SPY futures gap down on the open following the #tariffs announcement. Bulls are going to need some some fakeout help before the bell rings tomorrow. 

Currently down 3% after close. Limit down tomorrow is not out of the question. #StockMarket https://t.co/3DtE1Mji4L",0,0
12,2025-04-02 22:03:16+00:00,$ES_f SOC 5705.75 #stockmarketcrash #StockMarket #stocks,0,0
13,2025-04-02 22:02:41+00:00,"Tariffs are taxes on imported goods that can drive up prices, reduce trade flows, and impact profit margins. Understanding how they shape global supply chains and consumer costs is key for informed investing. #tariffs #stocks #stocktips #investing #stockmarket",0,0
14,2025-04-02 22:01:38+00:00,RT @Thestocksmarket: Fundamental Strong Stocks at Discounted  Price ğŸ’¸ğŸ“ˆ #niftycrash #stockmarketcrash #stockmarketsindia #StockMarket https:â€¦,59,0
15,2025-04-02 22:01:25+00:00,"Top losers today ğŸ“‰ğŸ˜©

$NCNO nCino, Inc. ($22.59, -24.48%)
$CORT Corcept Therapeutics ($83.81, -9.69%)
$RIVN Rivian Automotive ($12.49, -6.33%)
$SBK Standard Bank Group ($12.33, -6.16%)
$1810 Xiaomi Corp. ($28.35, -5.19%)

#toplosers #stockmarket #stocks",0,0
16,2025-04-02 22:00:56+00:00,"ğŸš¨ğŸ“£ #insidertrading Cohen Barry F bought $29.8K of $SSII on 2025-03-31

Insider performance (2020-24):
ğŸŸ¢1d: 4%
ğŸŸ¢3d: 6%
ğŸŸ¢5d: 5%
ğŸ”´1m: -2%
ğŸ”´3m: -2%
ğŸŸ¢6m: 24%
âšªï¸1y: n/a
total trade: 44

$SPY $QQQ $DIA $VIX
#stock
#stockmarket #NASDAQ #NYSE #OTC",0,0
17,2025-04-02 22:00:48+00:00,"Ø¹Ø§Ù†Øª Ø´Ø±ÙƒØ© Eaton Corp PLC Ù…Ù† ØªØ±Ø§Ø¬Ø¹ Ø­Ø§Ø¯ ÙÙŠ Ù‚ÙŠÙ…ØªÙ‡Ø§ Ø¹Ø§Ù… 2025 Ø¨Ø³Ø¨Ø¨ Ø§Ù„ØªØ­Ø¯ÙŠØ§Øª Ø§Ù„Ø§Ù‚ØªØµØ§Ø¯ÙŠØ© ÙˆØ§Ù„Ø¶ØºÙˆØ·Ø§Øª ÙÙŠ Ø§Ù„Ø³ÙˆÙ‚. Ù‡Ù„ ØªØªÙˆÙ‚Ø¹ÙˆÙ† Ø§Ù†ØªØ¹Ø§Ø´Ù‡Ø§ Ù‚Ø±ÙŠØ¨Ø§Ù‹ØŸ Ø´Ø§Ø±ÙƒÙˆÙ†Ø§ Ø¢Ø±Ø§Ø¡ÙƒÙ…!

#EatonCorp #StockMarket #InvestmentTrends #FinancialNews https://t.co/Sm4YgzJCmW",0,0
18,2025-04-02 22:00:38+00:00,"Comment â€œXâ€ and Iâ€™ll send you the free trainingâ€¦

This strategy took me from losing trades to consistent profits!

Want to know how to spot these setups before they pop?!

â€”â€”
#trading #stockmarket #optionstrading #USA #CANADA https://t.co/fC4JSE5nwD",0,1
19,2025-04-02 22:00:07+00:00,"For full list go to https://t.co/7qw3fSUUgj

Don't forget to give us a follow for the latest trading signals!

If you found this post insightful, help spread the wisdom by smashing that like button and giving it a retweet! ğŸš€ğŸ’™ğŸ”„

#fintwit #stocks #StockMarket #Trading",0,0
20,2025-04-02 22:00:03+00:00,"The S&amp;P 500 dropped 1.53% last week.Â 
Thatâ€™s scaryâ€”until you realize there have been 970 similar weeks since 1928.Â 
ğŸ“ˆ Volatility = normal. #StockMarket #InvestSmart #MarketPerspectiveÂ 

For more details, see the link in the Thread. https://t.co/S28fNQmgfa",0,0
21,2025-04-02 22:00:02+00:00,"ğŸš€ Top Stocks to watch tomorrow

$NVDA - $110.42 - -0.83% Upside
$NUE - $123.03 - -0.84% Upside
$LIN - $469.74 - -1.01% Upside
$GOOG - $158.86 - -1.11% Upside
$HLT - $231.38 - -1.24% Upside

ğŸ”” Next update at 9 AM! Stay tuned! 

#StockMarket #AIStockPicks #fintwit",0,0
22,2025-04-02 21:59:52+00:00,"Iâ€™ve officially added $HOOD, alongside $AAPL stock to the â€œScamâ€ stock list.  

â€œScandalous market manipulationâ€â€”ğŸ«µ
#StockMarket https://t.co/BptkZxMRT6",0,0
23,2025-04-02 21:58:35+00:00,"* The Trump admin imposed 49% tariff on Cambodia.
#China #Cambodia #Trump #tariffs #StockMarket https://t.co/fxI2yOX6I1",0,0
24,2025-04-02 21:58:05+00:00,"Tariff and the monetary system, change it because it's not working for you.

@usfunds @stockmarket @euro",0,0
25,2025-04-02 21:57:07+00:00,"#MOONğŸ”¥

HOT HOT earn CASH with OUR crypto pump!ğŸŒğŸŒŒğŸ‰

ğŸWelcome: https://t.co/oSRc7APw35

mqEcxtes @eLfirdausi1 @RODRIGOCOL57471 @tmt2605 @gh122195 @mmsultan06 @ElwynMoryP7 @AbhinayNamburi @Mam7838Shaxzod @Stockmarket_ar @NwoluChibu38547",0,0
26,2025-04-02 21:56:54+00:00,"Ø¹Ø§Ù†Øª QuantumScape Corp (QS) Ù…Ù† ØªØ±Ø§Ø¬Ø¹ Ø­Ø§Ø¯ ÙÙŠ 2025 Ø¨Ø³Ø¨Ø¨ ØªØ­Ø¯ÙŠØ§Øª Ø¥Ù†ØªØ§Ø¬ Ø§Ù„Ø¨Ø·Ø§Ø±ÙŠØ§Øª ÙˆØ§Ù„Ù†Ù‚Øµ ÙÙŠ Ø§Ù„ØªÙ…ÙˆÙŠÙ„. Ù‡Ù„ ØªØ¹ØªÙ‚Ø¯ Ø£Ù† Ø§Ù„Ø´Ø±ÙƒØ© Ø³ØªØªØ¬Ø§ÙˆØ² Ù‡Ø°Ù‡ Ø§Ù„Ø£Ø²Ù…Ø©ØŸ Ø´Ø§Ø±Ùƒ Ø¨Ø±Ø£ÙŠÙƒ!

#QuantumScape #StockMarket #InvestmentNews #2025Trends https://t.co/biAoup4Ua3",0,0
27,2025-04-02 21:55:24+00:00,#tariffs #StockMarket #TrumpTariffs #Trump https://t.co/NsB3lSmt8P,0,0
28,2025-04-02 21:54:04+00:00,"Start Trading with SB MODEL.
_________
What are you waiting for? - Link in Bio ğŸ”—
.
.
.
.
_________
#Trading #Forex #StockMarket #Investing #Crypto https://t.co/o8nIYTMdO8",0,0
29,2025-04-02 21:53:49+00:00,"RT @boris_beissner: #Stock #indices have literally plunged into the abyss following #Trump's announcement of a #TariffWar.

The US #StockMaâ€¦",6,0
30,2025-04-02 21:53:46+00:00,Holy #tariffs RIP the #StockMarket,0,0
31,2025-04-02 21:52:49+00:00,"Jeeeez the whole stock market immediately crashed in after hours ğŸ˜°ğŸ“‰

#stocks #StockMarket #money #stockmarketcrash https://t.co/xcl6rY5n3B",0,0
32,2025-04-02 21:52:48+00:00,@MustStopMurad This guy was wrong about everything. Lmao this shit goes to 0 soon. #spx6900 #bitcoin #ethereum $btc $eth #altcoins #altseason #altcoin #crypto #stockmarketcrash #stockmarket #trump,0,0
33,2025-04-02 21:52:47+00:00,"The U.S. stock market just lost over $2 trillion in the last 20 minutes. ğŸ’¥ğŸ“‰

Welcome to ""business as usual"" in 2025.

#StockMarket #WallStreet #Crash #Business #MarketMeltdown",0,1
34,2025-04-02 21:50:46+00:00,"Tarif country list 

#tariff 
#DonaldTrump 
#stockmarketcrash 
#StockMarket 
#stockmarketsindia https://t.co/6vxQsTS1zo",0,0
35,2025-04-02 21:50:37+00:00,"https://t.co/K9vpTW2i3u
#StockMarket #stockmarketcrash #StocksToWatch #TechnicalAnalysis #StockMarketNews",0,0
36,2025-04-02 21:50:23+00:00,@CollinRugg They will figure out loopholes by Monday. Expecting a bottom in the next 3 days or so for the #stockmarket $SPY,0,1
37,2025-04-02 21:49:44+00:00,"RT @CoinDiscoveryy: BREAKING: Trump Strikes Back with Tariffs! ğŸ‡ºğŸ‡¸âš¡

President Trump rolls out reciprocal tariffs on key trade partnersâ€”Chinâ€¦",1,0
38,2025-04-02 21:49:37+00:00,RT @ParisSorel: #AdrienneAdams is the only Qualified #MayoralCandidate for #NewYorkers #NewYorkCity She already knows the Routine . Hell NOâ€¦,1,0
39,2025-04-02 21:48:13+00:00,"Take a look at our opinion commentary to the recent market movements.

Join our Discord community where we regularly share information on market movements and post daily analysis on stocks.

#trading #StockMarket #stocks #MarketUpdate #MarketInsights #Bitcoin #Bitcoin2025 $BTC https://t.co/8EEf2WzCg5",0,0
40,2025-04-02 21:48:07+00:00,@TrumpVVon A Drunk Stockmarket Cheater,0,0
41,2025-04-02 21:47:54+00:00,"Wanna make real money in the STOCK MARKET? ğŸ‡ºğŸ‡¸ğŸ“ˆ

- Think long-term, not get-rich-quick schemes.

- Reinvest those dividends...qlet â€˜em stack.

- Focus on solid businesses, not just flashy stock prices.

- Be patient... real wealth takes time.

#StockMarket https://t.co/LZ9gcNVQiI",0,0
42,2025-04-02 21:47:43+00:00,"RT @boris_beissner: #Stock #indices have literally plunged into the abyss following #Trump's announcement of a #TariffWar.

The US #StockMaâ€¦",6,0
43,2025-04-02 21:47:26+00:00,"Trumpâ€™s plan is starting to work, and most people donâ€™t know whatâ€™s coming next.ğŸ˜ 
#Economy #StockMarket #NewsUpdate #money #Tesla #NVIDIA ..... https://t.co/8Gkviqnmig https://t.co/oAWwLqjlnf",0,0
44,2025-04-02 21:47:18+00:00,"à¤Ÿà¥à¤°à¤‚à¤ª à¤®à¥€à¤¡à¤¿à¤¯à¤¾ à¤•à¥‡ à¤¶à¥‡à¤¯à¤°à¥‹à¤‚ à¤®à¥‡à¤‚ à¤—à¤¿à¤°à¤¾à¤µà¤Ÿ: à¤•à¥à¤¯à¤¾ à¤¸à¤š à¤®à¥‡à¤‚ à¤¶à¥‡à¤¯à¤° à¤¬à¥‡à¤šà¥‡ à¤œà¤¾ à¤°à¤¹à¥‡ à¤¹à¥ˆà¤‚?

https://t.co/P3Twg0RYO5

#TrumpMedia #TruthSocial #StockMarket #DonaldTrump #FakeNews #FinanceNews #TMTG #Investing #PoliticalFinance",0,0
45,2025-04-02 21:47:09+00:00,"ğŸš€ Market Outlook â€“ 3rd April 2025

ğŸ“Š Nifty: 23,400 - 23,200
ğŸ¦ Bank Nifty: 51,350 - 52,000

ğŸ” Stocks: ABB, ALKEM, APOLLOHOSP, ATUL &amp; more

ğŸ“² More Updates: https://t.co/uIiAZnYu4v

âš  Not SEBI Registered.

#StockMarket #Nifty50 #BankNifty #Trading",0,0
46,2025-04-02 21:46:04+00:00,"RT @stockmktgenius: Healthcare star $NUTX's stock soars 1545%! High volume indicates interest, highlighting the booming healthcare sector.â€¦",1,0
47,2025-04-02 21:45:57+00:00,"#oligarchs were licking the shoes of @realDonaldTrump 

 And they got loss of respect, heavy losses in #stockmarket and now ,  #tariff which will certainly trigger boycott of #american products  

  Why?   

@JeffBezos #amzn @amazon 
@sundarpichai  #goog #Google 
@finkd #meta https://t.co/kR6Qzj8ERt",0,0
48,2025-04-02 21:44:56+00:00,"It's a 50/50 if #AsianMarkets &amp; #EuropeanMarkets sell off #CryptoCurrencies. Could be bloody  next 48 hours. Risk off, or on?

#StockMarket #Bitcoin #Ethereum #XRP #Solana #TrumpTariffs @realDonaldTrump",0,0
49,2025-04-02 21:44:46+00:00,"RT @IllyrianSpartan: pmax has that $NMAX look 
Be early ğŸ”¥ğŸ”¥ğŸŒ‹

$GTEC $LYT $ME $NKTX $SLNO $RGLS $CNXN $ONCO $BIYA $DRCT $WOOF $MLGO $JFIN $CRâ€¦",2,0
50,2025-04-02 21:44:42+00:00,"RT @ADTCoach: ğŸ¯Tip: Donâ€™t Set &amp; Pray â€” Trade the Levels.
20 ticks is just a placeholder. Real control comes from reading key zones.
VWAP, 5â€¦",1,0
51,2025-04-02 21:43:28+00:00,"Back to the stock marketâ€”lots of stocks are entering my buy range now.

Be greedy when others are fearful.
Iâ€™ll be sharing picks soon, backed with data and research.

Still up 7â€“8% YTD and staying disciplined.

#StockMarket",0,0
52,2025-04-02 21:43:26+00:00,"@CompoundinGirl China already knows how to bypass US tariffs. If US stockmarket crash, China will benefit from foreign investors coming in.",0,1
53,2025-04-02 21:43:18+00:00,"Everyoneâ€™s buzzing about NewsMax (NMAX)â€”but is it really an IPO worth trading? We break down the hype, the signal, and the 496% move that almost made the cut.

Why we passedâ€”and what it tells us about the real action in IPOs:

https://t.co/J44b4Y5zuK

$NMAX
#IPO
#StockMarket",0,0
54,2025-04-02 21:42:57+00:00,"RT @IllyrianSpartan: pmax has that $NMAX look 
Be early ğŸ”¥ğŸ”¥ğŸŒ‹

$GTEC $LYT $ME $NKTX $SLNO $RGLS $CNXN $ONCO $BIYA $DRCT $WOOF $MLGO $JFIN $CRâ€¦",2,0
55,2025-04-02 21:42:56+00:00,"RT @Pescador230: $AABB #DDTG
#FAFO #ASIA #GOLD #MINING #AABB #nvdia #STOCKSTOWATCH #AMC #GME #BBBYQ #MMTLP #OTC #TSLA #GOLD   #SILVER #Stocâ€¦",1,0
56,2025-04-02 21:42:50+00:00,"pmax has that $NMAX look 
Be early ğŸ”¥ğŸ”¥ğŸŒ‹

$GTEC $LYT $ME $NKTX $SLNO $RGLS $CNXN $ONCO $BIYA $DRCT $WOOF $MLGO $JFIN $CRVO $PRTG $Snse $Dlpn $KULR $pitx
$PIII $Holo $Gate

#StockMarket  #StocksToWatch #StocksInFocus  

@1inch  @6k_investor  @CapitalJc 
@teambullish  @MoonMarket_",2,1
57,2025-04-02 21:42:43+00:00,"Has anyone seen what has happened to the Stock Market since Trump took office? Plummeting! Biden set high record and Trump low lows. If the Market is your measure of how well a President is doing, wow. Lame duck presidency. #StockMarket #TrumpTariffs #TrumpRecession",0,3
58,2025-04-02 21:42:41+00:00,"So...with the ""Liberation Day"" surprise out now and all the reciprocal #tariffs in place, where do you see the #StockMarket headed the rest of the year?

(1) Armageddon 
(2) Down for a bit but recovering later
(3) To the moon
(4) Flat https://t.co/lvHDzRyOGJ",0,0
59,2025-04-02 21:42:19+00:00,"RT @DaveBrownToons: Tomorrow's @Independent cartoon, after #Delacroix and #ArturoDiModica... #Trump #TrumpTariffs #StockMarket #WallStreetâ€¦",6,0
60,2025-04-02 21:42:10+00:00,"RT @CNBCTV18News: Trump to announce reciprocal tariffs tonight!

White House: Tariffs will be â€œeffective immediatelyâ€

Nasdaq +0.87%, Oil nâ€¦",5,0
61,2025-04-02 21:41:38+00:00,"RT @Pescador230: $AABB #DDTG
#FAFO #ASIA #GOLD #MINING #AABB #nvdia #STOCKSTOWATCH #AMC #GME #BBBYQ #MMTLP #OTC #TSLA #GOLD   #SILVER #Stocâ€¦",1,0
62,2025-04-02 21:41:14+00:00,"$MITQ is heating up! Solid Q4 with $6.3M revenue (+10% YoY), aggressive buybacks, and innovative products launching soon. Low float and a booming cinema tech market make this a breakout contender. Bullish vibes! ğŸ¬ğŸ’ª #MITQ #StockMarket",0,0
63,2025-04-02 21:40:58+00:00,"RT @Pescador230: $AABB #DDTG
#FAFO #ASIA #GOLD #MINING #AABB #nvdia #STOCKSTOWATCH #AMC #GME #BBBYQ #MMTLP #OTC #TSLA #GOLD   #SILVER #Stocâ€¦",1,0
64,2025-04-02 21:40:13+00:00,.@Beth_Kindig and her team at @IOFundOfficial keep bringing in incredible results vs the leading names on Wall St. --&gt;  I/O Fund Reports 210% Cumulative Return -- Ranking Above Wall Street's Best https://t.co/CGDSW2nfVU #investing #StockMarket #NVIDIA $NVDA,0,1
65,2025-04-02 21:39:14+00:00,#AdrienneAdams is the only Qualified #MayoralCandidate for #NewYorkers #NewYorkCity She already knows the Routine . Hell NO to #Cuomo #Hellno to #EricAdams #TrumpTariffs #StockMarket https://t.co/N3jA8PNbnC,1,1
66,2025-04-02 21:39:10+00:00,"#WATCH 

à¤µà¤¿à¤ªà¤•à¥à¤·à¥€ à¤¦à¤²à¥‹à¤‚ à¤•à¥‹ à¤†à¤œ à¤¤à¥‹ à¤¬à¤¡à¤¼à¥‡ à¤®à¥à¤¦à¥à¤¦à¥‡ à¤®à¤¿à¤² à¤—à¤ à¤¹à¥ˆà¤‚ à¤¸à¤°à¤•à¤¾à¤° à¤•à¥‹ à¤˜à¥‡à¤°à¤¨à¥‡ à¤•à¥‡ à¤²à¤¿à¤à¥¤

#tariff India- 26%
#WaqfAmendmentBill2025

-
.
.
.

#tariffannouncement #tariffs #WaqfAmendmentBill #WaqfBill #WaqfBoard #watch #LatestNews #BreakingNews #DonaldTrump #PMModi #Trump #stockmarket https://t.co/dEvOHZlMNz",0,0
67,2025-04-02 21:37:42+00:00,Market chaos runs deeper than Trump's tariffs https://t.co/ckQP6eQNnk #bondmarkets #Business #DonaldTrump #nasdaq #optional #Politics #stockmarket #Tariffs #UK #uncategorized@us #UnitedKingdom #us,0,0
68,2025-04-02 21:37:12+00:00,"RT @TheEconomist: Turkeyâ€™s economy has taken a hit as a result of the ongoing protests. Stockmarket regulators have banned short selling, wâ€¦",179,0
69,2025-04-02 21:36:48+00:00,"Intrady stock option from 279 to exact predicted target 350
Above 8500 ğŸ’° in single lot 
#nifty #Nifty50 #NIFTYFUTURE #Nifty500 #StockMarket #stockmarketsindia #StockMarketIndia #StockMarketUpdate #StocksToBuy #StocksInFocus #optionbuying #optiontrading #TradingView #TradingTips https://t.co/kviBgAOF1K",0,0
70,2025-04-02 21:36:33+00:00,"1 trillion market cap erased in 5 minutes?? 
#stockmarketcrash #StockMarket #tariffs #DonaldTrump #spy",0,0
71,2025-04-02 21:35:56+00:00,SOUNDHOUND AI STOCK PREDICTION (SOUN STOCK Market Short Squeeze Stocks t... https://t.co/9LRfhH54oq #AI #ArtificialIntelligence #TECH #TECHNOLOGY #FINANCE #FINANCIAL #STOCKMARKET #SOUNDHOUND #SOUNDHOUNDAI #SOUN $SOUN,0,1
72,2025-04-02 21:35:55+00:00,"Well, with ALL these #TARIFFS, #foreign #investors HAVE NO CHOICE but to pour their  #MONEY into the #USA #StockMarket.  IMO. Even if they hate it.

$SPX $SPY $QQQ $NDX $NDAQ $ONEQ $QQQE $DIA $DJIA $RUT $VOO $IVV $IWM $VTWO $RTY $ES $NQ $YM $ZN $GC $BTC $MBT #Stocks #USD $DXY https://t.co/Zk7LNhAngr",0,0
73,2025-04-02 21:35:19+00:00,"#StockMarket

#Trumpâ€™s #Tariffs https://t.co/9SS6T1Ii0q",0,0
74,2025-04-02 21:35:11+00:00,"ÙÙŠØ¯ÙŠÙƒØ³ (FDX) ØªÙØ¹ØªØ¨Ø± Ù…Ù† Ø§Ù„Ø£Ø³Ù‡Ù… Ø§Ù„ÙƒØ¨ÙŠØ±Ø© Ø§Ù„Ø£ÙƒØ«Ø± Ø¨ÙŠØ¹Ø§ØŒ Ù…Ù…Ø§ ÙŠØ¬Ø¹Ù„Ù‡Ø§ ÙØ±ØµØ© Ø§Ø³ØªØ«Ù…Ø§Ø±ÙŠØ© Ù…Ù…ÙŠØ²Ø© Ø§Ù„Ø¢Ù†. Ù‡Ù„ ØªÙÙƒØ± ÙÙŠ Ø§Ù„Ø§Ø³ØªØ«Ù…Ø§Ø± ÙÙŠÙ‡Ø§ØŸ Ø´Ø§Ø±ÙƒÙ†Ø§ Ø±Ø£ÙŠÙƒ!

#FedEx #Investing #OversoldStocks #StockMarket https://t.co/OexRd0pwNM",0,0
75,2025-04-02 21:35:09+00:00,"What do you think, would ChatGPT invest in Ultragenyx Pharmaceutical  stocks today or not? #UltragenyxPharmaceutical #RARE #stockmarket #invest #investing #money #share #finance #passiveincome #financialfreedom #stock #exchange #dividends #ai #chatgpt #trading  
Ultragenyx https://t.co/7oZ6YF0Cd0",0,0
76,2025-04-02 21:34:24+00:00,"RT @Apostle_White: Musk gambled millions on Wi Supreme Court race and lost!
#Teamwhite #followers #cnn #StockMarket #SouthAfrica #global htâ€¦",1,0
77,2025-04-02 21:34:07+00:00,"RT @aj_ct007: Global stock markets today. 
Almost all are in the red.

#stockmarketcrash #StockMarket https://t.co/ZaPHsMNuIE",0,0
78,2025-04-02 21:34:02+00:00,"Even when the #stockmarket is red from #tariffs, our picks will be green. I am here to help you profit. Join the ride and check out my recent pick $CMCL and why this is going higher tomorrow.",0,2
79,2025-04-02 21:33:57+00:00,"Musk gambled millions on Wi Supreme Court race and lost!
#Teamwhite #followers #cnn #StockMarket #SouthAfrica #global https://t.co/sAnjjBNnei",1,1
80,2025-04-02 21:33:00+00:00,"RT @DomainMondo: Apr 02 #StockMarket #DJI +0.56%, #SPX +0.67%, #Nasdaq +0.87%, US #stocks move UP on #tariffs day https://t.co/lJmKhX6zkc $â€¦",4,0
81,2025-04-02 21:32:47+00:00,"As HORRIBLE as #stockmarket futures are looking after Trump 's tarriff announcement, just REMEMBER that the other countries are expected to RETALIATE also ğŸ¤£ğŸ¤£ğŸ¤£ğŸ¤£ This is fun!!!! Trump is punishing everyone and M4g4 too ğŸ˜‚ https://t.co/wb47QJ11dk",0,0
82,2025-04-02 21:32:37+00:00,"à¤¦à¥à¤¨à¤¿à¤¯à¤¾à¤‚ à¤•à¥‹ à¤¹à¤¿à¤²à¤¾à¤•à¤° à¤°à¤–à¤¨à¥‡ à¤µà¤¾à¤²à¥€ à¤–à¤¼à¤¬à¤° !

à¤ªà¥€à¤à¤® à¤®à¥‹à¤¦à¥€ à¤•à¥‡ à¤–à¤¼à¤¾à¤¸ à¤®à¤¿à¤¤à¥à¤°  à¤¨à¥‡ à¤­à¤¾à¤°à¤¤ à¤ªà¤° 26% à¤Ÿà¥ˆà¤°à¤¿à¤«à¤¼ à¤²à¤—à¤¾à¤¯à¤¾ à¤¹à¥ˆ 

 #tariff #TrumpTariffs
#tariffannouncement #tariffs #WaqfAmendmentBill #WaqfBill #WaqfBoard #watch #LatestNews #BreakingNews #DonaldTrump #PMModi #Trump #stockmarket
#WaqfBillAmendment https://t.co/RAK0YcInyU https://t.co/Gyfpt0WLX5",0,0
83,2025-04-02 21:32:12+00:00,"RT @4forexmarket: Celcuity Inc (NASDAQ:CELC) Misses Earning Expectations
 https://t.co/Cua9axTxq0

#Stock #Stockmarket #trading #market #moâ€¦",6,0
84,2025-04-02 21:32:05+00:00,"RT @AKTrader_ofa_mp: ğŸ˜‚ğŸ¤£ Nasdaq and Dow Jones as of now #Trump #tariffs  

#Dowjones #Nasdaq #StockMarket #StockMarketIndia
#stockmarketcrasâ€¦",1,0
85,2025-04-02 21:31:50+00:00,"THIS TRADER MAKE 200-300 percent per day! ğŸ’¸

ğŸ Welcome: https://t.co/uB6kS62iQY

BHkPVC12iL @Wishmitha2k03 @tettsuski @JakkapanPhapak1 @agbolahanjeje @FARID1717633263 @MashiachZachary @AlouiWissem7 @stockmarket_mem",0,0
86,2025-04-02 21:31:33+00:00,"RT @duck_jainam: We are excited to announce that our clients can access and execute Algo Trading from @robo_matic now.
.
.
.
.
#algotradingâ€¦",65,0
87,2025-04-02 21:31:23+00:00,"The reason for going public is generally because you need money for something

You sell shares of your company, so you can have money for a future Project, and if you need more money, you sell more shares

That is the idea

In practice, the stockmarket is the root of all evil https://t.co/C1U66o6T45",0,0
88,2025-04-02 21:31:19+00:00,"RT @boris_beissner: #Stock #indices have literally plunged into the abyss following #Trump's announcement of a #TariffWar.

The US #StockMaâ€¦",6,0
89,2025-04-02 21:30:47+00:00,"Freaking out about market? Seeing a sea of red is scary for sure,but this isn't the first time and it won't be the last time this has happened.  Keep your emotions in check.  Downturns are when real wealth is made over time. 
#stockmarket #correction #stocks #recession #tarriffs https://t.co/WpXWyOM3Ya",0,0
90,2025-04-02 21:30:39+00:00,"ğŸ¯Tip: Donâ€™t Set &amp; Pray â€” Trade the Levels.
20 ticks is just a placeholder. Real control comes from reading key zones.
VWAP, 55, 21, 9 â€” spy's a textbook beauty today. Letâ€™s eat. ğŸ“ŠğŸ’¥

#FuturesTrading #DayTrading #SPY #TradingTips #PriceAction #Scalping #VWAP #StockMarket https://t.co/gro2BIXHuf",1,1
91,2025-04-02 21:30:29+00:00,"RT @SusanLiTV: Goldman Sachs called April 2nd a â€œclearing eventâ€

Clearing what? 

#tariffs #Trade #StockMarket https://t.co/8cgc4QxQz7",2,0
92,2025-04-02 21:30:24+00:00,"RT @bull_run_100: Mukka Proteins Ltd

Wave 4 correction is done and now ready for the last rally in short term.

Need weekly closing aboveâ€¦",49,0
93,2025-04-02 21:30:17+00:00,"RT @litecoin_bull: Where are our haters on X saying the stockmarkets will NOT collapse.

Doge is uncovered one of the BIGGEST FINANCIAL SCAâ€¦",299,0
94,2025-04-02 21:29:56+00:00,Not a bottom in sight ğŸ‘€ #stocks #stonks #gay #investing #stockmarketcrash #StockMarket,0,1
95,2025-04-02 21:29:49+00:00,"Brian Allen: â€œâ€¦[sinister plot of the oligarchs, devalue the stock market, make it crash, scoop up the resulting destroyed companies, instruct Trump to remove the tariffs. Make a windfall on the rising Stockmarket after the crash â€¦Oligarch global control] â€¦S&amp;P 500 PLUNGESâ€¦â€ â€¼ï¸ https://t.co/9cduWvyF5K",0,0
96,2025-04-02 21:29:27+00:00,"RT @PaytmMoney: ğŸ“¢ Share Market Weekly Update: Nifty50 hits new highs, mid &amp; smallcaps rally, and the market bounces back! ğŸ“ˆğŸš€ Hereâ€™s a breakâ€¦",47,0
97,2025-04-02 21:29:23+00:00,"RT @TheEconomist: Turkeyâ€™s economy has taken a hit as a result of the ongoing protests. Stockmarket regulators have banned short selling, wâ€¦",179,0
98,2025-04-02 21:29:21+00:00,"Just minutes after Trump's announcement about global tariffs, the stock market begins to reflect the impactâ€”negatively, of course.
#NewYork 
#StockMarket https://t.co/uwEFp4Etk2",0,1
99,2025-04-02 21:29:12+00:00,"RT @sicksociety69: The #UnitedStates #StockMarket is an embarrassment! 
91% Dark Pool @ 12:18pm
#darkpoolcorruption #DarkPoolAbuse $AMC #AMâ€¦",100,0
0,2025-04-22 23:45:28+00:00,"My Buy trade on #Us30 yesterday which went very well and Tp was hit ğŸ˜ğŸ˜. Getting better and clearer daily ğŸ™

#forextrading #forex #Gold #usa #stockmarket https://t.co/mmP2RvKQsw",0,0
1,2025-04-22 23:45:18+00:00,"Whatâ€™s your top investment goal?
 Share below!  

#StockMarket #Investing",0,0
2,2025-04-22 23:43:04+00:00,The advantages of Novus's Benefit Monetization Ratio significantly impact its valuation. Learn How https://t.co/A7Na7j4Y08Â  #stockmarket #stockmarketinvesting #cannabisstocks #pennystocks #stockmarket https://t.co/to3xsHeW86,0,0
3,2025-04-22 23:42:43+00:00,I bet the market goes red tomorrow. I donâ€™t believe any of this tariff news after hours. China holds all the cards and they will dictate when this ends. Seems like more false hope.  #StockMarket,0,0
4,2025-04-22 23:41:00+00:00,"Think I'm gonna have offices hours in the #Stockmarket, today was a little long.. lol 7-11am?",0,0
5,2025-04-22 23:40:11+00:00,"Think I'm gonna have offices hours in the #Stockmarket, today was a little long.. lol 7-10am?",0,0
6,2025-04-22 23:38:18+00:00,"Today $RGL announced significant #gold results from the Northern Zone project in WA. 

Recent drilling keeps proving there's more shallow gold in the area.

Further drill planning is already underway! @Riversgold_Ltd #goldwatch #StockMarket $ASX https://t.co/AEDusf5VFl",0,2
7,2025-04-22 23:37:58+00:00,Good day cant complain #stockmarket #crypto holding does wonders but a long way to get back from our large dip past couple months https://t.co/Udt353H6JM,0,0
8,2025-04-22 23:37:22+00:00,"""Are we nearly there yet?"" (Alan Moir 23/4/25)
#AusNews #VicNews #moir #tariffs #stockmarket #finance #asx #WallSt 
https://t.co/Ri5VhdibaL",0,0
9,2025-04-22 23:35:44+00:00,"Yesterday, the whales stopped hiding.

No more panic puts.
Calls came back.
Confidence flipped.

And like clockworkâ€¦ stocks climbed.

When the people with the most money stop being scared â€” the market listens.

#StockMarket #OptionsFlow #Oqliv",0,0
10,2025-04-22 23:35:09+00:00,"What do you think, would ChatGPT invest in Advanced Micro Devices stocks today or not? #AdvancedMicroDevices #AMD #stockmarket #invest #investing #money #share #finance #passiveincome #financialfreedom #stock #exchange #dividends #ai #chatgpt #trading  
Advanced Micro Devices https://t.co/oInTd167f9",0,0
11,2025-04-22 23:33:27+00:00,"Elon Musk to Scale Back Government Role After Tesla Profit Plunge

https://t.co/Hcizp8X091

#ElonMusk #Tesla #ProfitPlunge #GovernmentRole #BusinessNews #TechIndustry #Investing #StockMarket #Innovation #Leadership #hotnews",0,0
12,2025-04-22 23:28:37+00:00,"Day of mixed market, with not much to show for the Bullish side. Taking my $SPY long off. $SPY resistance at 540 is a big deal. #StockMarket #Mixed",0,0
13,2025-04-22 23:25:33+00:00,"ğŸ“Š $GOOGL: Double Three Structure in Play

Explore the current WXY pattern and uncover the potential paths ahead for $GOOGL as the market continues its dynamic movements.

ğŸ”– Learn more about Elliott Wave Theory: https://t.co/T1qp6eXhyC

#Elliottwave #StockMarket https://t.co/4Ye2u9rCoX https://t.co/LGbXcdHz7P",0,2
14,2025-04-22 23:24:13+00:00,"$TSLA Q1 earnings summary: Missed revenue target and ğŸš— automotive down 20% YoY, yet they are up 10% including after hours. Learn more below: ğŸ‘‡ (1/4)

#StockMarket #Tesla",0,0
15,2025-04-22 23:24:11+00:00,"#Spx400 and #Us30 trades closed at 89+ pips loss âŒ and 376+ pips profit âœ… respectively

#ELON #TheWhiteLotus #stockmarketcrash #MARK #bist100 #BORSA #StockMarket #Solana #Crudeoil #Ethereum #dip #Trump #TrumpTariffs #MARK_TheFirstfruit #incendie #TrumpTariffs #Perfect10Liners https://t.co/gNL1lil5yQ",0,1
16,2025-04-22 23:23:48+00:00,"Latest 1H Chart Update for $GOOGL

Dive into the current structure and discover the potential paths ahead for $GOOGL in this dynamic market.

Start your 14-day trial today: https://t.co/TZ94ICHgV2

#Trading #StockMarket https://t.co/B3e7ddZvwp https://t.co/CtROV0PwSa",1,1
17,2025-04-22 23:22:00+00:00,"Tomorrow : Builds Permits R Chg MM | Builds Permits R Numb | New Home Sales Chg MM | New Home Sales Units  ( 08:30 a.m. ) -
#MacroEconomy #Data #EconomicData #Builds #Home #StockMarket https://t.co/g4JMpLD3ve",0,0
18,2025-04-22 23:21:18+00:00,"MyStonks!!
Forever!!

ğŸ”¥
@MyStonks_Org 
@MyStonksCN 

We are looking forward to seeing the true organization era!

Commodity like oil, gold, silver ;
NASDAQ stocks like Nvidia, google Amazon.

We are waiting,
We are holding,
We are witnessing!

#RWA
#Tokenization 
#StockMarket https://t.co/dJ45sgdrZe",0,2
19,2025-04-22 23:20:49+00:00,"#Trump
#Economy 
#Markets
#StockMarket 
#BondMarket
#GoldMarket

In a rocky stock market, some investors would seek stability in bonds. 

But bonds have also fallen victim to Trumpâ€™s games. 

As seen in this @WSJ graph, theyâ€™re heavily heading for gold this time. 

#WorstApril https://t.co/fdUlQv4ExZ",0,0
20,2025-04-22 23:20:37+00:00,"New video alert! ğŸš¨
Learn about ""Margin Call Alert in CFD Trading with example, watch now: 
 https://t.co/LxhbBdxHaT

#investing #StockMarket #GOLD",0,0
21,2025-04-22 23:18:45+00:00,"Hey @GaryGensler look at this manipulation ğŸ˜¹ğŸ˜¹ğŸ˜¹ğŸ˜¹ 

Just a bit of fun, remember those days when your feed was full of this every day? But about a couple of stocks. 

Whatâ€™s your opinion on this manipulation? 

#funtimes #StockMarket https://t.co/zSwKviURvL",2,4
22,2025-04-22 23:17:38+00:00,"I expected a bounce only if 17,700 held...  
Didnâ€™t expect the Nasdaq to make a move like this fast and this strong.

Never underestimate this market.  
Sorry, Nasdaq.

#NASDAQ #NDX #PinoChart #StockMarket https://t.co/pChqzie6ed",0,1
23,2025-04-22 23:17:01+00:00,"Market is shaking and baking in the right direction! Crypto market! US Stock market! Lets fugginâ€™ goooo!!! Iâ€™ve been waiting many weeks for a day like this. When all my DCAing over the last two months makes me feel like a GENIUS. 
#crypto #StockMarket #DCA #HODL #SELL #DYOR",0,0
24,2025-04-22 23:16:29+00:00,"Market is shaking and baking in the right direction! Crypto market! US Stock market! Lets fugginâ€™ goooo!!! Iâ€™ve been waiting many weeks for a day like this. When all my DCAi g over the last two months makes me feel like a GENIUS. 
#crypto #StockMarket #DCA #HODL #SELL #DYOR",0,0
25,2025-04-22 23:16:06+00:00,"Market is shaking and baking in the right direction! Crypto market! US Stock market! Let fugginâ€™ goooo!!! Iâ€™ve been waiting many weeks for a day like this. When all my DCAi g over the last two months makes me feel like a GENIUS. 
#crypto #StockMarket #DCA #HODL #SELL #DYOR",0,0
26,2025-04-22 23:15:27+00:00,"Fact Check : TRUE!
#Gold #StockMarket  #Bitcoin   #Trump #TrumpTariffs https://t.co/EjIJsoukai",0,0
27,2025-04-22 23:15:24+00:00,"Just broke 100 Mil. milestone #StockMarket 

Best,
Rico https://t.co/yrjf0dNtnS",0,0
28,2025-04-22 23:12:21+00:00,"Democrats that complain about #Trump Tarrifs now , forget that the last time that US recovering of 1929 as now do of 2021-24 .
So back then Franklin D. Roosevelt (D) in 1933 took people's #Gold !
Meanwhile Trump (R) just try to make some trade deals ğŸ¤”

#Bitcoin #StockMarket https://t.co/oX7mf98xsX",0,0
29,2025-04-22 23:09:22+00:00,"I expected a bounce only if 17,700 held...  
Didnâ€™t expect the Nasdaq to invalidate that this fast and this strong.

Never underestimate this market.  
Sorry, Nasdaq.

#NASDAQ #NDX #PinoChart #StockMarket https://t.co/RSWtoyrffC",0,1
30,2025-04-22 23:08:54+00:00,"A staggering $1.4 trillion flooded into the market today, fueling a broad rally across major sectors. From $NVDA to $TSLA, green dominated the heatmapâ€”confidence is back, at least for now.
#StockMarket #SP500 #Investing #MarketRally #TechStocks #Finance https://t.co/k7JCutqGpi",0,0
31,2025-04-22 23:08:06+00:00,"There is no imminent sign of any #Tariff deal whatsoever between #DonaldTrump and #China !
The uncertainty in the financial markets is to continue for now!
#DollarIndex remains weak!

#StockMarket  #ES_F #Gold https://t.co/jWjKh4YTAS",0,0
32,2025-04-22 23:06:52+00:00,"ğŸ“ˆ The bulls showed up big today â€” and didnâ€™t clock out.

Top gainers during market &amp; extended hours: $TQQQ +7.64%
$COIN +8.57%
$TSLA +4.60%
$SHOP +4.99%
$AAPL, $PLTR, $NVDA also green after-hours
Momentum is real â€” ChartyAI is tracking every move.
#StockMarket #trading https://t.co/O1TiFZw91w",0,0
33,2025-04-22 23:05:47+00:00,"@WatcherGuru Haha ğŸ¤£ğŸ¤£ğŸ¤£ Jim Cramer says itâ€™s a real recovery? Guess my stocks are about to moonâ€¦ or crash ğŸ¤” Either way, Iâ€™m buying high and selling higher call it the Cramer effect ğŸ¤Ÿ #StockMarket #Crypto #Bitcoin",0,1
34,2025-04-22 23:05:00+00:00,"Nightmare on Wall Street as Trump DESTROYS the U.S. Economy https://t.co/cdBOEUFRUz

#trumpeconomy #StockMarket #TrumpTariffs #recession #Fed #MarketPanic #Tesla #economiccrash #trump

@TheWeekendMSNBC
@AliciaMenendez
 @MichaelSteele
@SymoneDSanders
@kylegriffin1
@JesseRodriguez",0,0
35,2025-04-22 23:04:04+00:00,"There is no imminent sign of any deal whatsoever between #DonaldTrump and #China !
The uncertainty in the financial markets is to continue for now!
#DollarIndex remains weak!

#StockMarket  #ES_F #Gold https://t.co/i284PefgJG",3,3
36,2025-04-22 23:02:01+00:00,"WORLD MARKETS WRAP 23/04/2025

#XSpringam #Worldmarketswrap #MarketSummary #StockMarket #SetIndex #à¸à¸²à¸£à¸¥à¸‡à¸—à¸¸à¸™ #à¸ªà¸£à¸¸à¸›à¸ à¸²à¸à¸£à¸§à¸¡à¸•à¸¥à¸²à¸”à¸«à¸¸à¹‰à¸™à¹‚à¸¥à¸ #à¸”à¸±à¸Šà¸™à¸µ https://t.co/OpjhmcRRKz",0,0
37,2025-04-22 23:01:17+00:00,"Day 64 | Forward Test â€“ Trade Results ğŸ“ğŸ¯

""22/4/2025 session !

Trade journal and detailed breakdown 
Results: 0 trades, 0 wins, 0 losses.

#forex #forextrading #success #StockMarket #Trump #jdtradestomillions #Trump #journey https://t.co/54xYLOyDWD",0,1
38,2025-04-22 23:01:08+00:00,"#Meta #stockmarketcrash #stocks #StocksToWatch #StockMarket $META 
Meta aka Facebook up almost 4% in over night trading. https://t.co/1nVEsHVclT",0,2
39,2025-04-22 23:00:14+00:00,"ğŸ“ˆ Trend Analysis 101
â€¢ Bull trend = higher highs, higher lows
â€¢ Bear trend = lower highs, lower lows
â€¢ Sideways = range-bound noise
Know the trend. Itâ€™s step one for every trade.
#trading #stockmarket https://t.co/nanbTCkHzS",0,1
40,2025-04-22 23:00:11+00:00,"ğŸš¨ AI Stock Alert! ğŸš¨  
ğŸ’»ğŸ¤– 1 AI stock with HUGE long-term potential!  

AI drives smarter solutions &amp; industry growth ğŸŒŸğŸ“ˆ.  
Analysts predict massive expansion ğŸ“ŠğŸ”¥.  

ğŸŒŸ Join the AI revolution! ğŸš€  
ğŸ’°ğŸ’» #InvestSmart #StockMarket

ğŸ”— https://t.co/dj494aYqTo https://t.co/4JBxT8I8E1",0,0
41,2025-04-22 23:00:02+00:00,@ProjectLincoln @ProjectLincoln Do you think Musk stepping back from DOGE will finally move Tesla's stock higher after that 71% profit drop? ğŸ“‰ğŸš— Curious to hear your take! #TeslaStock #ElonMusk #DOGE #Investing #StockMarket,0,0
42,2025-04-22 22:57:18+00:00,SOLD! https://t.co/Lc8xxpb5r0 @manyvids #MVSales #MVboy #BBC #cuckold #BNWO #sissy #cashpig #measles #milf #StockMarket #crypto #Immigrants #israel #SnowWhite #bigboobs #Melania #Knicks #thirdterm #studentloans #DOGE #SharkAttack #Boycott #ms13 #MrsBLAQ #Elon #Luigi #Tesla,0,0
43,2025-04-22 22:55:26+00:00,"AI is changing the game in the stock market! ğŸš€  It's helping us identify trends and make smarter decisions, but also brings new risks. Gotta stay ahead of the curve to succeed. #AI #StockMarket #Investing https://t.co/e5Lhbp9ynA",0,0
44,2025-04-22 22:54:58+00:00,"Teslaâ€™s $TSLA shares closed up +4.68% today after a strong session, though after-hours movement shows a slight dip (-0.48%) post-earnings. Market seems to be digesting the numbers cautiously. âš–ï¸
#Tesla #TSLA #Earnings #StockMarket #Investing https://t.co/2nwDFaet69",0,0
45,2025-04-22 22:54:27+00:00,ğŸ¸Sipping on good vibesâœ¨#NightOut #CocktailGoals #FinkaVibes #GirlsNight #ChasingMoments #Trading #Stocks #StockMarket #Investing #Stockstowatch #StockMarketNews #UK #London #England #Love #Photography #Travel #Instagood #UnitedKingdom #Britain #British #Viral #LondonLife https://t.co/R6kPGqwVil,0,0
46,2025-04-22 22:52:56+00:00,"What is a stock, and how does it differ from a share?
#stockmarket

#stocks

#daytrader

#investingtips

#financialliteracy",0,1
47,2025-04-22 22:49:24+00:00,"#Eurzar and #Gbpsek trades closed at 158+ pips loss âŒ

#ELON #TheWhiteLotus #stockmarketcrash #MARK #bist100 #BORSA #StockMarket #Solana #Crudeoil #Ethereum #dip #Trump #TrumpTariffs #MARK_TheFirstfruit #incendie #TrumpTariffs #Perfect10Liners https://t.co/gZh66d7ZWA",0,1
48,2025-04-22 22:48:41+00:00,SOLD! https://t.co/ePylys176j @manyvids #MVSales #MVboy #BBC #cuckold #BNWO #sissy #cashpig #measles #milf #StockMarket #crypto #Immigrants #israel #SnowWhite #bigboobs #Melania #Knicks #thirdterm #studentloans #DOGE #SharkAttack #Boycott #ms13 #MrsBLAQ #Elon #Luigi #Tesla,0,0
49,2025-04-22 22:48:38+00:00,#StockMarket  allies after Treasury Secretary #Bessent tells a closed-door investor summit that the tariff standoff with China is unsustainable https://t.co/fAXehUu2kQ,0,0
50,2025-04-22 22:42:45+00:00,"836+ pips gained from #Xauusd and #Usoil trades âœ…

Join us on telegram 

#ELON #TheWhiteLotus #stockmarketcrash #MARK #bist100 #BORSA #StockMarket #Solana #Crudeoil #Ethereum #dip #Trump #TrumpTariffs #MARK_TheFirstfruit #incendie #TrumpTariffs #Perfect10Liners https://t.co/kOLGtUOYS6",0,1
51,2025-04-22 22:42:15+00:00,"""Bitcoin vs. gold ratio flashing red ğŸš¨

 BTC/XAU just broke below a key support levelâ€”historically, this means a 35% drop is coming. $13T wiped from stocks? Ouch. 

ğŸ“‰ Bitcoin #Gold #CryptoCrash #StockMarket #TradingView""",0,0
52,2025-04-22 22:42:15+00:00,Cybercab could make or break TSLA. Whatâ€™s your move? Dive in now. #TSLA #StockMarket #MoneyMoves #Tesla #OngoingNow24,0,0
53,2025-04-22 22:41:36+00:00,Analysts call TSLA a â€œstrong buy.â€ Should you jump in? Check the facts. #TSLA #StockMarket #MoneyMoves #Tesla #OngoingNow24,0,1
54,2025-04-22 22:41:33+00:00,"#TrumpTariffs #StockMarket 
Trump did what he had to do to save his poll numbers. A market pump is coming! https://t.co/YBF9Bnj8cL",0,0
55,2025-04-22 22:41:02+00:00,TSLA just jumped 22.69% in a day. What sparked this massive rally? Find out now. #TSLA #StockMarket #MoneyMoves #Tesla #OngoingNow24,0,1
56,2025-04-22 22:40:42+00:00,"Focus on diversification, keep an eye on market trends, and consider long-term investments. Always research before buying. Remember, investing involves risks. #InvestSmart #StockMarket",0,0
57,2025-04-22 22:40:34+00:00,"BTC  final target reached 

 previously: 
https://t.co/Tfa1dVRBsC

#crypto #trading #forex #stocks #StockMarket #investing #NASDAQ #market #daytrading #NYSE #daytrader #GOLD #Silver https://t.co/mJaknLMX8a",0,0
58,2025-04-22 22:39:42+00:00,"#Finance #FuturesTrading #StockMarket 
Mini Dowâ€™s range today? 1203 points $value? = $6015.00 from hi to lo

Mini S &amp; Pâ€™s range today? 167.50 points $ Value? = $8375.00 from hi to lo

Mini Nasdaqâ€™s range today? 650.25 points $value? = $13005.00 from hi to lo",0,1
59,2025-04-22 22:38:48+00:00,"Market Position Summary:

Long #Gold #futures $GC25M - Raising trailing stop to 3162.30 from 3105.30. Can stay long.

#dollar #futures $DX25M - Short Dollar. Can Be Short.

#QQQ $IWM $SPX $DIA #StockMarket - Stand aside.",0,1
60,2025-04-22 22:38:11+00:00,"dont normally trade this session but its looking solid for a little more downside

#stocks #investing #stockmarket #options #optionstrading #tradingexpert #usstockmarket #stockmarketeducation",0,0
61,2025-04-22 22:37:54+00:00,BREAKING NEWS: Stocks are up post market as Trump admits Chinaâ€™s tariffs will drop â€˜but it wonâ€™t be zeroâ€™ https://t.co/14etVoDw7m #TrumpTariffs #TrumpVsChina #StockMarket #BreakingNews,0,1
62,2025-04-22 22:35:08+00:00,"What do you think, would ChatGPT invest in Universal Technical Institute stocks today or not? #UniversalTechnicalInstitute #UTI #stockmarket #invest #investing #money #share #finance #passiveincome #financialfreedom #stock #exchange #dividends #ai #chatgpt #trading  
Universal https://t.co/nYfSVflHE3",0,0
63,2025-04-22 22:34:02+00:00,"@RapidResponse47 @POTUS #DamageControl

Attempt at damage control.

But the markets, and many Americans, have already seen Trumpâ€™s attacks on the Fed Chair. 

#StockMarket",0,0
64,2025-04-22 22:33:57+00:00,"#Trump is #rigging the #StockMarket. All week long, he attacks #JeromePowell to crash the market.  Then #Trump buys lots of stocks, and changes his tone to NOT FIRING POWELL so that #Trump stocks increase. Trump says words to control the highs and lows. #ImpeachTrumpNOW",0,0
65,2025-04-22 22:32:11+00:00,"ğŸŸ¢ Markets Rally on Trade Optimism!Trump says trade talks with China are ""doing well,"" while the White House announces a major meeting with 34 countries this week to discuss trade deals. Investor confidence is booming, lighting up the post-market! ğŸ’¼âœ¨ #StockMarket #TradeTalks",0,2
66,2025-04-22 22:31:45+00:00,"Looking to grow your wealth without the hassle? Index funds might be the solution you've been searching for!

https://t.co/3oPLLU6fSF

#investing #stocks #stockmarket #indexfunds https://t.co/ScPuH9Tnjd",0,0
67,2025-04-22 22:31:01+00:00,"risky short order at 18728

#stocks #investing #stockmarket #options #optionstrading #tradingexpert #usstockmarket #stockmarketeducation",0,0
68,2025-04-22 22:30:31+00:00,"ğŸš¨ğŸ“£ #insidertrading Cohen Barry F bought $3.8K of $SSII on 2025-04-17

Insider performance (2020-24):
ğŸŸ¢1d: 4%
ğŸŸ¢3d: 6%
ğŸŸ¢5d: 5%
ğŸ”´1m: -2%
ğŸ”´3m: -2%
ğŸŸ¢6m: 24%
âšªï¸1y: n/a
total trade: 44

$SPY $QQQ $DIA $VIX
#stock
#stockmarket #NASDAQ #NYSE #OTC",0,0
69,2025-04-22 22:27:33+00:00,"#Us30 and #Spx500 trades closed at 1,553+ pips profit âœ…

Join us on telegram 

#ELON #TheWhiteLotus #stockmarketcrash #MARK #bist100 #BORSA #StockMarket #Solana #Crudeoil #Ethereum #dip #Trump #TrumpTariffs #MARK_TheFirstfruit #incendie #TrumpTariffs #Perfect10Liners https://t.co/4rHEl6p6G4",0,1
70,2025-04-22 22:25:29+00:00,"@WatcherGuru Good. Iâ€™ve agreed with plenty of Trumpâ€™s economic policyâ€”corporate tax cuts, deregulation, trade leverage. But the â€˜fire Powellâ€™ narrative is nonsense. Powellâ€™s been surgical in chaos. #StockMarket",0,0
71,2025-04-22 22:24:58+00:00,"Hopefully, there will be some short covering tomorrow. #StockMarket",0,0
72,2025-04-22 22:24:43+00:00,"ğŸš¨ GAMESTOP'S EPIC STAND! ğŸ“· Is this the negative beta prophecy unfolding? Cash pile at $6.3B, options walls at $27-$30, &amp; ETF shenaniğŸ’ªackground-color: transparent; font-family: sans-serif;""&gt; NOT financial adviceâ€”DYOR! #GameStop #GME #ShortSqueeze #StockMarket #WallStreetBets https://t.co/gSaHVuSl1U",6,27
73,2025-04-22 22:24:13+00:00,"$BTC if your not taking profits here, Whew I don't know what to tell you... Trade War just got whole lot worse.
*China has upper hand by mile
*All other deals likely to fall threw now
IMO #Bitcoin #StockMarket",0,0
74,2025-04-22 22:20:40+00:00,"I tell you ever since I got in on the sub only post and turn those notifications, my portfolio is all green. 
Experts like Seth are a blessing on earth.ğŸ™ğŸ™ 
#Crypto #StockMarket #Trump #Bitcoin #XRP https://t.co/jRXdgEO2lm",0,0
75,2025-04-22 22:20:32+00:00,"The trades over the past year have all been international.

Spanish market up +29% YTD, Poland +40%

#StockMarket https://t.co/xkJPwtK9Y5",0,1
76,2025-04-22 22:20:07+00:00,"ğŸš¨ TOP GAINERS #STOCKS TODAY

1. $MCRB (2081.23%)
2. $BSLK (1990.55%)
3. $GELS (220.00%)
4. $SXTC (103.92%)
5. $TIVC (103.71%)
6. $MRIN (68.51%)
7. $OBLG (65.42%)
8. $SISI (55.30%)
9. $ICCT (47.64%)
10. $BOWN (45.29%)

#stockmarket #finance #trading #investing",0,1
77,2025-04-22 22:20:05+00:00,"ğŸš¨ MARKET ALERT

US STOCK FUTURES SURGE AFTER TRUMPâ€™S LATEST TARIFF TALK!

US 30 UP 477.5 (+1.22%) AND SMALL CAP 2000 JUMPS 51.1 (+2.78%) AT 6 PM ET OPEN!

IS THIS A TRUMP BOUNCE OR MARKET MANIPULATION? 

#STOCKMARKET #TRUMP #INVESTING https://t.co/IKymcqeS4E",0,0
78,2025-04-22 22:20:00+00:00,"Nightmare on Wall Street as Trump DESTROYS the U.S. Economy https://t.co/cdBOEUFk51 via @YouTube

#trumpeconomy #StockMarket #TrumpTariffs #recession #Fed #MarketPanic #Tesla #economiccrash #trump

@JohnKingCNNÂ @DanaBashCNNÂ @wolfblitzerÂ @jaketapper @TheLeadCNNÂ #CNN",0,0
79,2025-04-22 22:19:57+00:00,"ğŸš¨ MOST ACTIVE #STOCKS TODAY

1. $OCEA (-3.75%)
2. $DMN (-7.14%)
3. $NVDA (2.04%)
4. $SOXL (5.40%)
5. $TSLL (9.00%)
6. $TQQQ (7.64%)
7. $F (1.90%)
8. $SXTC (103.92%)
9. $PLUG (10.92%)
10. $VMBS (0.22%)

#stockmarket #finance #trading #investing",0,0
80,2025-04-22 22:19:46+00:00,"ğŸš¨ TOP LOSERS #STOCKS TODAY

1. $AACBR (-57.02%)
2. $JYD (-48.22%)
3. $OMH (-39.44%)
4. $ASPCR (-27.06%)
5. $NKGN (-25.40%)
6. $YHC (-22.63%)
7. $PNBK (-22.58%)
8. $USOI (-22.09%)
9. $JFBR (-21.88%)
10. $LXEH (-18.47%)

#stockmarket #finance #trading #investing",0,0
81,2025-04-22 22:18:36+00:00,"ğŸš¨ Trump announces peace with Powell, great dinner between families ğŸ¥³ Invitation to buy stocks via Vanguard. Join 50M happy investors  $SPY $TSLA #trump $NVDA #stockmarket #GOLD #china #NVIDIA #TariffWAR https://t.co/DF2y7MpyP6",0,1
82,2025-04-22 22:18:09+00:00,$VOO $SPY If youâ€™re waiting for the â€˜perfect momentâ€™ to buyâ€”there wonâ€™t be one. Accumulate when things feel uncomfortable. Just make sure what youâ€™re buying actually deserves to be held. #StockMarket #StocksToBuy,0,0
83,2025-04-22 22:17:27+00:00,"$TSLA

â€œInvested in $TSLA. My portfolio now does more loops than a Tesla on Autopilot. ğŸ“‰ğŸš— #StockMarket #TSLAâ€ https://t.co/3DsWLsVuJl",0,0
84,2025-04-22 22:16:41+00:00,"Market update with @TG_ProfitPilot âœ¨ 

The market was hammering out some lows today ğŸ”¨ 

TG is keeping his eye on a few names: 

âœ… $PLTR 
âœ… $SOFI 
âœ… $RDDT 
âœ… $HOOD 
âœ… $OKLO 

What names are you adding to your watchlist? ğŸ¤” 

#StockMarket #StocksToWatch https://t.co/XoJmGQQYIJ",0,2
85,2025-04-22 22:15:27+00:00,"ğŸ‡ºğŸ‡¸ Trump at SEC Chair Atkinsâ€™ swearing-in: No plans to fire #Fedâ€™s Powell, despite frustration over slow rate cuts. â€œNever,â€ he says, urging faster action as grocery prices drop &amp; #StockMarket rises. Claims interest rates are the outlier, pressing for cuts now. #Economy",0,0
86,2025-04-22 22:14:10+00:00,"So the biggest crook and scammer Trump does it again. This time announcing he has no intention of firing J Powell while the markets are closed and takes his winnings 

Trump is the biggest scammer ever
 
#WallStreet #Bullish #StockMarket #Stocks #OptionsTrading #OptionsTrading https://t.co/nUlKxYQmA9",0,0
87,2025-04-22 22:12:14+00:00,"So the biggest crook and scammer Trump does it again. This time announcing he has no intention of firing J Powell while the markets are closed and takes his winnings 

Trump is the biggest scammer ever
 
#WallStreet #Bullish #StockMarket #Stocks #OptionsTrading #OptionsTrading",0,0
88,2025-04-22 22:12:01+00:00,SOFI STOCK PREDICTION (SOFI TECHNOLOGIES Stock Support and Resistance Tr... https://t.co/R1kOj48tLu #AI #ArtificialIntelligence #TECH #TECHNOLOGY #FINANCE #FINANCIAL #STOCKMARKET $SOFI #SOFI #SOFITECHNOLOGIES #FINANCIALSTOCKS #STOCKMARKET,0,0
89,2025-04-22 22:11:24+00:00,#PresidentTrump is manipulating the #stockMarket at whim causing we who have investments at stake are seeing them evaporate.  When will Congress  â¦@GOPoversightâ© leaders stop being cowards and take control of their critical responsibilities? Impeach! https://t.co/VrCx1vALSq,0,0
90,2025-04-22 22:09:28+00:00,"Beautiful 6k day 
 
#WallStreet #Bullish #StockMarket #Stocks #OptionsTrading #OptionsTrading #Daytrader #daytraders $SPY $QQQ $IWM $SPX $AAPL $MSFT $NVDA $GOOGL $AMZN $META $TSLA https://t.co/kihjiJFAmP",0,0
91,2025-04-22 22:09:22+00:00,"2024 Investment Recap
+100% Return.
Outperformed NASDAQ by 68.66%.

No Wall Street gimmicks, just a laser-focused portfolio and the Business Ontology Framework.

ğŸ“Š TSLA, PLTR, HIMS, ODD, CRWD... the big bets that paid off.

#StockMarket #Investing #FinanceTwitter #100xClub https://t.co/uzymK7oCBk",0,0
92,2025-04-22 22:08:47+00:00,"Buy, Buy, Buy ğŸ˜
#Markets #technology #stocks #StockMarket #equities #hood #PLTR #NVDA",0,0
93,2025-04-22 22:05:19+00:00,"Trump his own style. Every politician does this. Verbal guidance for financial markets.  This is the new normal I think. We need to get used to it.
 #StockMarket #Trump",0,0
94,2025-04-22 22:04:42+00:00,"Apr 22 #StockMarket #DJI +2.66%, #SPX +2.51%, #Nasdaq +2.71%; $TSLA +4.76%; Apr 23: $IBM Earnings https://t.co/lJmKhX6zkc $QQQ #investors #stocks #investing #Tesla #AI https://t.co/yxICAItJlZ",4,4
95,2025-04-22 22:03:32+00:00,"Days like this convince me that trump is the biggest fraud out there and legit only cares about him self .
#TRUMP
#BTC
#stockmarket
#crypto
#eth",0,1
96,2025-04-22 22:02:57+00:00,"$1.5 trillion just flowed into the US stock market â€” one of the biggest single-day surges in recent times.
#StockMarket #USMarkets #BullRun https://t.co/AMdXkvtjFu",0,0
97,2025-04-22 22:02:35+00:00,"Stock futures are up nicely to start the Tuesday overnight session. Probably on the Powell news. Gonna keep an eye on the dollar overnight.

$SPY $GLD $USO $TLT #StockMarket https://t.co/sIpT5UWipy",0,0
98,2025-04-22 22:02:18+00:00,"Top losers today ğŸ“‰ğŸ˜©

$NOC Northrop Grumman ($464.08, -14.49%)
$RTX RTX Corporation ($113.75, -10.87%)
$HRI Herc Holdings Inc. ($102.34, -8.95%)
$IR Iridium Communications ($21.61, -7.36%)
$HAL Halliburton Company ($20.70, -5.89%)

#toplosers #stockmarket",0,0
99,2025-04-22 22:02:17+00:00,"Top gainers today! ğŸš€ğŸ”¥

$GLXY Galaxy Digital ($13.18, +16.69%) ğŸ“ˆ
$CLSK CleanSpark, Inc. ($8.77, +14.82%) ğŸ“ˆ
$MARA MARA Holdings ($14.06, +12.59%) ğŸ“ˆ
$ROOT Root, Inc. ($134.95, +12.27%) ğŸ“ˆ
$EFX Equifax, Inc. ($245.08, +12.16%) ğŸ“ˆ

#topgainers #stockmarket #stocks",0,3
0,2025-04-23 16:06:24+00:00,"Stocks rocket higher as a short squeeze takes center stage, powered by traders scrambling to cover as trade tensions cool. No deal yet, but momentum loves an optimist. Stay sharp. More here: https://t.co/zaAeMkAfxR #StockMarket",0,0
1,2025-04-23 16:05:57+00:00,"Gold down and Silver up EXACTLY as we anticipated.Opposite direction.Risk adjust..
#adfc #euro #yen #pound #swissfranc #canadian #australian #dollar #gold #silver #copper #oil #gas #corn #wheat #soybean #cocoa #coffee #sugar #sp500 #nasdaq #dowjones #gasoline #trump #stockmarket https://t.co/Z3sx7skynx",0,0
2,2025-04-23 16:05:38+00:00,"Global Markets Rally:
â€¢S&amp;P 500 futures up 1.6%
â€¢Japan +2%
â€¢Australia +1.6%
â€¢Hang Seng +2.4%
Global bulls are back in the game!
#StockMarket #market #TradingCommunity",0,0
3,2025-04-23 16:05:30+00:00,"The market is booming! ğŸ¤«ğŸ¿

#stock #stockmarketcrash #StockMarket #buythedip #newmoney #LevelUp #wallstreet #investing #investor #TrumpTariffs",0,0
4,2025-04-23 16:05:03+00:00,"$GEV  GE Vernova Achieves Profit, Exceeds Revenue Expectations, and Maintains Positive Outlook Despite Tariff Costs
https://t.co/tvwHfBAYAn

Stock alerts, news, and trade ideas at https://t.co/Qkw92S39jI

#daytrading #stocks #stockmarket",0,0
5,2025-04-23 16:05:00+00:00,"That's a start. Damn #Tariffs &amp; the #OrangeIdiot #Trump &amp; his #Nazi butt buddy #ElonMusk have definitely cost the people of this country a WHOLE LOT of $$$! Be warned, this probably isn't the actual recovery. Not even close.

#MarketWatch #StockMarket #Market #WallSt #WallStreet https://t.co/wFlLbLFHuw",0,0
6,2025-04-23 16:05:00+00:00,"Capitalism: Master the Game, Don't Be the Victim!
#Capitalism #FinancialFreedom #BlackWealth #StockMarket #Ownership #Entrepreneurship #WealthBuilding #FinancialLiteracy #EconomicEmpowerment #Business https://t.co/v7rVQvujbv",0,0
7,2025-04-23 16:03:50+00:00,"April 23, 2025 Top Stock Market Gainers &amp; Analysis #PEGA  #VRT  #LITE  #APPN  #SMTC  #StockMarket #Stocks #Gainers #AnalystRatings #News #RSI #DayTrading #TradeHat https://t.co/ExhOquuaka",0,0
8,2025-04-23 16:03:05+00:00,"â€˜Magnificent Sevenâ€™ tech stocks surge as Trump hints at China tariff reprieve https://t.co/oyX1iDWbje Looks like China, Powell &amp; the American people win this round. We'll see if it lasts. Based on the #StockMarket reaction, it is clear that the #TrumpTariffs are bad 4 #TheEconomy",0,0
9,2025-04-23 16:02:05+00:00,"Mid-Day Top 5 Most Active Report:
$AGMH (Vol: 584.20M)
$JYD (Vol: 307.83M)
$SOXL (Vol: 220.28M)
$DMN (Vol: 169.78M)
$TSLL (Vol: 166.48M)

Get alerts, charts, and technical analysis at https://t.co/Qkw92S39jI

#daytrading #stocks #stockmarket #investing",0,2
10,2025-04-23 16:01:52+00:00,"Bajaj Finance board to consider special interim dividend, stock split, and bonus issue on April 29, 2025

ğŸ‘‡

#bajaj #bajafinserv #stocks #investors #sharemarket #StockMarketIndia
#StockMarket #stockmarketsindia #StockMarketUpdate #bonus #dividend #bajajfinance https://t.co/GEaLQ68uEi",0,0
11,2025-04-23 16:01:40+00:00,"Investing in a crash is hardâ€”unless you already have a playbook.

This article is that playbook.
The tip on stopping new buys when markets fall is ğŸ”‘

How do YOU stay disciplined when it all goes red?

#stockmarket #investor #quant ğŸ“‰ 

https://t.co/zmX9EUQ2Mh https://t.co/DrQJCg8nLY",0,0
12,2025-04-23 16:01:04+00:00,"Mid-Day Top 5 Gainers Report:
$JYD (168%)
$AGMH (110%)
$ENSC (82%)
$SNOA (62%)
$SLXN (42%)

Get live stock alerts at https://t.co/Qkw92S39jI

#StocksToBuy #StockMarket #Stocks #investing #Daytrading",0,0
13,2025-04-23 16:01:00+00:00,"ASHOK LEYLAND
#ASHOKLEYLAND

219 to making a daily high of 231.38ğŸ¥³ğŸš€

Max Gains as per Highs:
+12.38 Rs/Share (+5.65% Gains) ğŸ¥³ğŸš€

Telegram: https://t.co/UYnRv9PwL3

#StocksInFocus #StockMarket #stocks #Nifty #GIFTNIFTY #stockmarkets https://t.co/N1Ru9RIQ4W",0,0
14,2025-04-23 16:00:50+00:00,"ğŸš€ Unlock +100% gains with ExactOptionPicks! Daily option trades sent before the bell. Try our FREE 10-day trial now! ğŸ“ˆ 

#OptionsTrading #StockMarket $HOOD $UBER $AAPL $TSLA $NVDA $AMD $MSFT $GOOGL $META $NFLX $IBIT",0,0
15,2025-04-23 16:00:40+00:00,"Some stocks moving on High Volume today.
Please do your own research. These can be extremely volatile.
$SNOA $ENSC $TIL $PEGA $RZLT

https://t.co/KBIrj4ulpO

#StockMarket #investing #trading #StocksToWatch",0,2
16,2025-04-23 16:00:31+00:00,"MANIPULATION SCORE: 20/100

Trump Truth: 

#Trump #TruthSocial #Politics #Economy #Markets #StockMarket",0,0
17,2025-04-23 16:00:29+00:00,"ğŸ‘‡ğŸ¼ Of course #DonaldTrump is bearish for stocks. The #StockMarket looks more like the OTC and is a reflection of Trumpâ€™s failed trade policies. Look at the highs and where weâ€™re at! Donaldâ€™s dump! 
$SPY $SPX $QQQ #SP500 #SPX #NASDAQ #WallStreet https://t.co/fhikIO5BCL",0,0
18,2025-04-23 16:00:27+00:00,"Tariff talk turbulence: Markets whip as Trump tempers, Bessent clarifies, and China trade hopes stretch years ahead.
#Nifty50 #banknifty 
#NASDAQ100 #nasdaq #StockMarket https://t.co/V3B7EpQgZx",0,0
19,2025-04-23 16:00:25+00:00,"Top Technology Stock Picks Based on Genetic Algorithms: Returns up to 19.28% in 3 Days
https://t.co/Tu3MutFk18

#mgni #stne #mstr #nflx #pltr #kopn #pags #mara #ebay #stocks #stockmarket #stocktrading #investing https://t.co/SrPhSfASQK",0,0
20,2025-04-23 16:00:25+00:00,"Top Technology Stock Picks Based on Genetic Algorithms: Returns up to 19.28% in 3 Days
https://t.co/d6sMNydH0G

#mgni #stne #mstr #nflx #pltr #kopn #pags #mara #ebay #stocks #stockmarket #stocktrading #investing https://t.co/JsibejBKHc",0,0
21,2025-04-23 16:00:23+00:00,"Top Technology Stock Picks Based on Genetic Algorithms: Returns up to 19.28% in 3 Days
https://t.co/R0SsXDUc9F

#mgni #stne #mstr #nflx #pltr #kopn #pags #mara #ebay #stocks #stockmarket #stocktrading #investing https://t.co/QHYjzkTx8c",0,0
22,2025-04-23 16:00:22+00:00,"Top Technology Stock Picks Based on Genetic Algorithms: Returns up to 19.28% in 3 Days
https://t.co/jiGDsTVs4C

#mgni #stne #mstr #nflx #pltr #kopn #pags #mara #ebay #stocks #stockmarket #stocktrading #investing https://t.co/i8AQgJmNr4",0,0
23,2025-04-23 16:00:20+00:00,"Top Technology Stock Picks Based on Genetic Algorithms: Returns up to 19.28% in 3 Days
https://t.co/nFH3dElqjr

#mgni #stne #mstr #nflx #pltr #kopn #pags #mara #ebay #stocks #stockmarket #stocktrading #investing https://t.co/eBcwvMQY2q",0,0
24,2025-04-23 16:00:20+00:00,"Top Technology Stock Picks Based on Genetic Algorithms: Returns up to 19.28% in 3 Days
https://t.co/JgJSfnJx9a

#mgni #stne #mstr #nflx #pltr #kopn #pags #mara #ebay #stocks #stockmarket #stocktrading #investing https://t.co/tjK36q5VOy",0,0
25,2025-04-23 16:00:18+00:00,"Top Technology Stock Picks Based on Genetic Algorithms: Returns up to 19.28% in 3 Days
https://t.co/prKnRWscld

#mgni #stne #mstr #nflx #pltr #kopn #pags #mara #ebay #stocks #stockmarket #stocktrading #investing https://t.co/7mXsF6ds6m",0,0
26,2025-04-23 16:00:17+00:00,"Top Technology Stock Picks Based on Genetic Algorithms: Returns up to 19.28% in 3 Days
https://t.co/uJgF1m3rxb

#mgni #stne #mstr #nflx #pltr #kopn #pags #mara #ebay #stocks #stockmarket #stocktrading #investing https://t.co/f3PWkG220o",0,0
27,2025-04-23 16:00:07+00:00,"When the markets decline, there are a few things older adults and retirees can do to ease the pain. Here's 4 of them ğŸ‘‡ And here's more info ğŸ‘‰ https://t.co/qbc6dGcAxK

#StockMarket 
#RetirementSavings https://t.co/VSnduzSttJ",0,0
28,2025-04-23 16:00:06+00:00,"Finguru makes that first move feel less like a leap, and more like a guided step.
It meets you where you areâ€”
ğŸ§  Adapts to how you think
ğŸ—ºï¸ Filters what matters
ğŸ’¬ Answers when you need clarity

ğŸ”— Try it first â†’ https://t.co/rXPQ1KTkxj

#Investing #AIforInvesting #StockMarket",0,0
29,2025-04-23 16:00:02+00:00,Live streamer shows you how to put the odds in your favor! #stockmarket #daytrading #livetrading #tradingstrategy https://t.co/rsiPdJTxbo,0,0
30,2025-04-23 15:59:59+00:00,"Balmer Lawrie #Elliottwave analysis-
A beauty! 219 &amp; 275 are the two hurdles before an all time high. 6 yo active triangle thrust to thank for. #Nifty50 #banknifty #trading #equities #SP500 #NASDAQ100 #StockMarketIndia #StockMarket #WallStreet #nseindia #BSE #optiontrading #GANN https://t.co/2onJofCgnN",0,0
31,2025-04-23 15:59:50+00:00,Which is more important Green Days or Red days? #Investing #StockMarket,0,0
32,2025-04-23 15:59:03+00:00,"#dowjones 
â¡ï¸Monthly price testing and so far holding the 2022 peak. 
â¡ï¸The drawdown was similar to 2022 just much quicker. 

#Investing #StockMarket #trading #StocksToWatch #SwingTrading #FinancialPlanning #Economy #rates #tariffs https://t.co/KtMYGuhSxs",1,2
33,2025-04-23 15:59:01+00:00,"ğŸ‘€ATTENTION STRUGGLING OR NEW TRADERS...
I AM NOT SELLING...  I AM OFFERING A SOLUTION.. ğŸš€ only ğŸ’¯ spots

A hands-on system to help you stop overtrading &amp; finally get consistent â€” in 30 days or your money back.ğŸ¯
#trading #investing #stockmarket https://t.co/6ESVv1BYUd",0,0
34,2025-04-23 15:59:00+00:00,"US stocks rally as Trump signals thaw in trade war, Tesla shares soar .#StockMarket  #Tesla #TradeWar  #Economy #Trump 

https://t.co/nwFDn4QVY7",1,1
35,2025-04-23 15:58:12+00:00,"8/

So, how does Tether printing work?

Someone sends money (or crypto)
Tether mints USDT
That money floods into the system
Markets pump
Economists cope

Welcome to 21st century finance.
#Crypto #Tether #USDT #Markets #Finance #StockMarket",0,0
36,2025-04-23 15:57:19+00:00,#StockMarket and $VIX right now . I hope is the break time of midday  and then resurge . #Nasdaq #SPX #Dow #Vix https://t.co/xOl45eBR4o,0,0
37,2025-04-23 15:56:39+00:00,"Great Day to Have a Dayâ€¼ï¸â€¼ï¸

#StockMarket #expand https://t.co/28SMGI9GIi",0,0
38,2025-04-23 15:56:09+00:00,$ADC $ADC.PR.A - Agree Realty Corporation (ADC) Q4 2024 Earnings Call Transcript. https://t.co/WFZdWLplqx #finance #economy #stockmarket,0,0
39,2025-04-23 15:55:51+00:00,"FIIs pumped â‚¹14,670 cr during Apr 15-17 alone. In contrast, they pulled out â‚¹23,999 cr until mid-April. Similar pattern in Oct'23 led to 8% rally in following month. #StockMarket #FIIDII #Nifty #StocksToWatch",0,0
40,2025-04-23 15:55:34+00:00,"ğŸ“Š Today #earnings April 23, 2025 ğŸ“ˆ

$TXN $RJF $ROL $IBM $CMG $GGG $NOW $LRCX $ORLY $MRK $UNP $LUV $PG $BMY $TSCO $PEP $LHX $ADT $CMCSA $FI 

#StockMarket #Investing #Finance https://t.co/7xEEdGdHFs",1,1
41,2025-04-23 15:55:31+00:00,"LOL wtf ğŸ˜³ 
#Ethereum #spm2024 #PapaFrancisco #stockmarket #crypto #bitcoin https://t.co/nP2Embh7ud",0,1
42,2025-04-23 15:55:12+00:00,"@Tim_Walz It apprs #FelonTrump #billionaires are upping #StockMarket values past couple days. What did they discuss in their #InsiderTrading, er, ""closed door"" meeting that we the ppl aren't privy to? @SecScottBessent @howardlutnick et. al. should let US ALL in on it. STINKS @ChrisMurphyCT https://t.co/DlixeWiT0T",0,0
43,2025-04-23 15:53:44+00:00,"Cockpit view of my Fin amigos RN trying to navigate markets in April after not listening to me ğŸ›¬ğŸ’¥

ğŸ¢ğŸ“‰ğŸ“ˆğŸ˜ #Stocks #Earnings #Eject #Trading #StockMarket #Finance #Ciao https://t.co/F6aStStxcr",0,1
44,2025-04-23 15:52:56+00:00,"Bank Nifty  Intraday trading, Thursday 24 April 2025 strong support and resistance Level 

#Durgapur_ka_Ranjeet #intradaytradin #nifty50 #sharemarket #BankNifty #stocks #optionstrading #stockmarket #MutualFunds #investment https://t.co/L4R54Mk7Dx",0,0
45,2025-04-23 15:52:28+00:00,"#daytrader #daytrading #stockmarket #trading #futurestrading #propfirm 
Enjoy https://t.co/EriSwp30rZ",0,0
46,2025-04-23 15:52:28+00:00,"An ETF is a basket of stocks that trades like one. When a company gets added to the S&amp;P 500, ETFs tracking it are forced to buyâ€”sending the stock price up fast. Itâ€™s not hype, itâ€™s mechanics. 

#ETF #SP500 #StockMarket #TradingTips https://t.co/7AUbiPKoMZ",0,1
47,2025-04-23 15:52:17+00:00,"Nifty50 Intraday trading, Thursday 24 April 2025 strong support and resistance Level 

#Durgapur_ka_Ranjeet #intradaytradin #nifty50 #sharemarket #BankNifty #stocks #optionstrading #stockmarket #MutualFunds #investment https://t.co/S9UYYpWhqB",0,0
48,2025-04-23 15:51:53+00:00,Stocks vault higher as Trump blinks first on China tariffs #StockMarket #Stocks #StockTrading https://t.co/qUZHJcrz0C,0,0
49,2025-04-23 15:51:25+00:00,"ğŸš€ GE Aerospace beats Q1 estimates, staying strong despite tariff challenges! ğŸš€
ğŸ“ˆ Global expansion, innovation, and AI tools set the stage for 2025.

Read more: https://t.co/AwvvkJpFiw

#GEAerospace #Q1Earnings #StockMarket #AviationNews #Innovation",0,0
50,2025-04-23 15:51:16+00:00,Stocks vault higher as Trump blinks first on China tariffs #StockMarket #Stocks #StockTrading https://t.co/6kjA1WseAR,0,0
51,2025-04-23 15:50:58+00:00,My updated trade plan for today. Follow for updates. Share your successes/fails! $SPX #SPX #DayTrading #StockMarket https://t.co/49dRQKueJ9,0,0
52,2025-04-23 15:47:35+00:00,"All green. 

Party on Dow, party on Daq!

#Stockmarket #Stocks #BuyTheDip #Wallstreet #Money $TSLA $AMZN https://t.co/6VIRebAlbn",0,0
53,2025-04-23 15:47:00+00:00,"ğŸ‘‰Havells India :

ğŸ”¸Sales: 6,544 Cr.  , up 20% YoY from 5,442 Cr.  
ğŸ”¸EBIT: 757 Cr. , up 19% YoY from 635 Cr. 
ğŸ”¸Net profit: 517 Cr.  , up 16% YoY from 447 Cr.   
ğŸ”¸EPS: â‚¹8.26 Cr.   up 16% YoY from â‚¹7.13 Cr.  

#StockMarket #stockmarketsindia #stocks #invest #investment https://t.co/bFFyK6tV3P",0,2
54,2025-04-23 15:46:14+00:00,"#Power &amp; #Energy Stocks have been my favorites

#IWEL Good BO || CMP 10325

For 11200+/ 12300+/ATH   

Disc: No Recommendation !! #Trading #StocksInFocus #StockMarket #Swingtrading https://t.co/GTZGs5siKZ",0,2
55,2025-04-23 15:45:28+00:00,"âš¡ Hallador Energy $HNRG Vertically Integrated Powerhouse with a Grid Moat
#HNRG #EnergyStocks #PowerGeneration #GridEdge #BullishEnergy #MarginMastery #HalladorEnergy #StockMarket 

https://t.co/yAu9yUX536 https://t.co/vh1RtUnnKx",0,0
56,2025-04-23 15:44:45+00:00,"""Photo of the Day""    

What's your take on this ?

#Dream11 #StockMarket #StockMarketIndia #Nifty50 https://t.co/oy6YcX5WyW",0,0
57,2025-04-23 15:44:27+00:00,"If youâ€™re looking for a gold exploration to invest in ..sign up for this webinar 

$hunt 
#GOLD #Copper #Silver #Mining #Zinc #Stocks #StockMarket #Investing $GOLD $TSLA $NVDA $HOOD $RDDT $HOLO $AAPL $AMZN $META $MSFT $GOOG $TSM $AMD https://t.co/SssAPzakIK",0,0
58,2025-04-23 15:44:05+00:00,"#Learning of the day 

Double the Pattern, Double the Power!

This chart analysis  perfectly illustrates how Head &amp; Shoulders and Double Bottom patterns can signal major reversals:
Save it for future reference ğŸ“Œ 
#stocks #stockmarket #technicalanalysis #intradaytrading #share https://t.co/th8cJUjrsu",0,1
59,2025-04-23 15:42:32+00:00,"PLEASE  JOIN OUR PARTNER &amp; CHIEF MARKET STRATEGIST, BILL STRAZZULLO OF BELL CURVE TRADING,Â AS HE IS A SPECIAL GUEST ON CNBC  â€œPOWER LUNCHâ€ TODAYÂ (Wednesday, April 23) @ 2:15pm EST. #CNBC #SPX500 #Stocks #StockMarket #Equities #investing #finance",0,0
60,2025-04-23 15:42:26+00:00,"#MCRB the price is up 19.00% since we first alerted at 9:34am EDT. Trade Smarter. SMS stock alerts and research tools at https://t.co/Qkw92S39jI

#StocksToBuy #StockMarket #Stocks #investing #Daytrade https://t.co/9sjcVjgItk",0,2
61,2025-04-23 15:42:08+00:00,"#Nas100 and #Ger30 trades closed at 822+ pips profit âœ…

#ELON #TheWhiteLotus #stockmarketcrash #MARK #bist100 #BORSA #StockMarket #Solana #Crudeoil #Ethereum #dip #Trump #TrumpTariffs #MARK_TheFirstfruit #incendie #TrumpTariffs #Perfect10Liners https://t.co/4jJpXHCpVG",0,2
62,2025-04-23 15:41:52+00:00,"ğŸ’° Covered Calls this week:
âœ… $SMCX: +$340
âœ… $NVDA: +$680
âœ… $RDDT: +$541
âœ… $TSLL x2: +$300
Selling the rips, stacking the premiums. #OptionsTrading 
#CoveredCalls #PassiveIncome #StockMarket #TSLL #SMCX #NVDA #RDDT #IncomeStrategy
https://t.co/Vxup5ClGll",0,0
63,2025-04-23 15:40:57+00:00,"Soooooâ€¦ now that all the good news from #trump was walked back, what is the #StockMarket rallying on?",0,0
64,2025-04-23 15:40:55+00:00,"Stock Jayud Global Logistics Limited Class A $JYD won more than 79% since my previous post on https://t.co/cHgvBsuHaW today! Will it keep going up? 
#stockMarket #tradingTips #dayTrade https://t.co/wVeFjgMXNK",0,0
65,2025-04-23 15:39:55+00:00,"The pullback begins?

4% Swing â˜‘ï¸ for the Nasdaq

Where do you see it close today? Aree market participants over exaggerating the recent statements released from #Trump ?

#StockMarket #TradeWar https://t.co/N3vcTZIhoN",0,0
66,2025-04-23 15:39:39+00:00,"Unforgettable Panoramic View ğŸ»â€â„ï¸ 
Lick if you can ğŸ˜‹ 

#SRHvsMI #Pahalgam #PahalgamTerroristAttack #PakistanIsTerrorFactory #pakistanarmy #Ethereum #Crypto #StockMarket #IndusWaterTreaty #IndusRiver #ishankishan #bumrah #kiaraadvani #à¤šà¤¿à¤¤à¥à¤°à¤¾_à¤¤à¥à¤°à¤¿à¤ªà¤¾à¤ à¥€ #à¤†à¤¤à¤‚à¤•à¤µà¤¾à¤¦ #à¤ªà¤¹à¤²à¤—à¤¾à¤® #PapaFrancisco https://t.co/7gENHuRHl6",0,1
67,2025-04-23 15:39:33+00:00,"$METIX is heating up!
With growing volume and a breakout chart pattern, itâ€™s only a matter of time before this rocket takes off. Strap in â€” this could fly!
#Bullish #StockMarket #METIX

CA: 0xa17B59A87C0b75777a7939BfF9D7a820d1422c6c
X: @TheMetixAI https://t.co/JXhgyWyNmR",0,0
68,2025-04-23 15:38:57+00:00,"Well, tRump IS a clown. Everyone with at least two working brain cells knows that. 
#TrumpMarketCrash #TrumpIsALaughingStock #TrumpsAmerica #StockMarket https://t.co/JKCaWokFU3",0,0
69,2025-04-23 15:38:44+00:00,"[Does #StockMarket go in one #direction always? Doesn't it #fluctuate? Can one or two days #movement decides the long term movement?]

#Trump 
#TrumpTariffs https://t.co/p5mSGDbRPN",0,0
70,2025-04-23 15:38:22+00:00,"When #markets are hopelessly inefficient at identifying value, it creates tremendous opportunities for unconstrained #investors: #stockmarket #investing #stock #valueinvesting https://t.co/0iDAeRkga7 https://t.co/p5jSavf5XQ",0,0
71,2025-04-23 15:37:59+00:00,"ğŸŒ¸ Spring into smarter investing!

Get 2 months of IBD Digital for just $12 during our Spring Sale. Unlock expert stock analysis, premium insights &amp; tools to help you invest with confidence.

Limited-time offer â†’ https://t.co/fG6Y36MiYI
#SpringSale #IBD #Investing #StockMarket https://t.co/qS3GMkP4fl",1,2
72,2025-04-23 15:37:36+00:00,"#BreakingNews  #BREAKING #StockMarket  #StockMarketNews  #StocksToWatch  #stocks 
ğŸš¨Markets cheer as Trump dials back anti-China rhetoric

Source:RT https://t.co/oXTcsLbFh3",0,0
73,2025-04-23 15:37:07+00:00,"US stocks fell as Trump called Fed Chair Powell ""a major loser,"" escalating criticism &amp; raising concerns about political interference in monetary policy. 

Source: https://t.co/sHU8GPjHgx  

#economicpolicy #tariffimpact #interestrates #jeromepowell #trump #stockmarket https://t.co/fGhqt4fEaj",0,1
74,2025-04-23 15:36:27+00:00,"U.S. stocks rally as tariff tensions ease and earnings season heats up. S&amp;P 500 jumps 2.5%, Bitcoin tops $92K, and GE spinoff shines with strong Q1. ğŸ“ˆ #StockMarket #Investing $SPY $QQQ",0,0
75,2025-04-23 15:35:26+00:00,My updated trade plan for today. Follow for updates. Share your successes/fails! $SPX #SPX #DayTrading #StockMarket https://t.co/dSiecQOion,0,0
76,2025-04-23 15:35:09+00:00,"What do you think, would ChatGPT invest in Herc Holdings  stocks today or not? #HercHoldings #HRI #stockmarket #invest #investing #money #share #finance #passiveincome #financialfreedom #stock #exchange #dividends #ai #chatgpt #trading  
Herc Holdings  share analysis (HRI share https://t.co/yWuwPeCUWc",0,0
77,2025-04-23 15:35:08+00:00,"if you are green today, take the money and run #daytrader #daytrading #stockmarket #trading #futurestrading #propfirm",0,0
78,2025-04-23 15:35:00+00:00,"New NQ Constantine Strategy BUY Signal -Double Size-. Entry Price: 18918.75, TakeProfit Trim at: 18991.25 and StopLoss at: 18906.25 #daytrader #daytrading #stockmarket #trading #futurestrading #propfirm",0,0
79,2025-04-23 15:34:26+00:00,"Bingo! Apr 23, #StockMarket prediction was 
Gap up âœ…ï¸
Going up at opening âœ…ï¸
Drop at 11:10âœ…ï¸
I'll post full prediction after hours ğŸ‰
Subscribe to know ahead.!
Link in bio.
#astrology #trading #stocks #options #Futures $spy $qqq $dia $iwm https://t.co/LsY4nJiTHw",0,0
80,2025-04-23 15:34:03+00:00,"New ES Keanu Strategy BUY Signal. Entry Price: 5424.75, TakeProfit Trim at: 5428.5 and StopLoss at: 5414.75 #daytrader #daytrading #stockmarket #trading #futurestrading #propfirm",0,0
81,2025-04-23 15:34:02+00:00,"New NQ Keanu Strategy BUY Signal. Entry Price: 18891, TakeProfit Trim at: 18915 and StopLoss at: 18843.25 #daytrader #daytrading #stockmarket #trading #futurestrading #propfirm",0,0
82,2025-04-23 15:33:20+00:00,"ğŸš¨ $PEGA ğŸš¨ 

Why is Pegasystems trending today? ğŸ¤” 

#PEGA #stocks #stockmarket https://t.co/Q9eRJf5onw",0,0
83,2025-04-23 15:33:00+00:00,Explore how AI is shaping today's trading sessionsâ€”Blending speed &amp; precision in strategy formulation! What's your go-to trading AI tool? #nasdaq #stockmarket #technicaltrading #daytrade #investments #Investors,0,0
84,2025-04-23 15:32:09+00:00,"FII Inflows: â‚¹3,333 Cr Net Buying on April 23
FIIs net bought â‚¹3,333 crore while DIIs net sold â‚¹1,234 crore, reflecting strong foreign investor interest.
#FIIFlows #DIIActivity #MarketLiquidity #InvestorSentiment #StockMarket",0,0
85,2025-04-23 15:31:55+00:00,ğŸ“ˆ Stocks rally as optimism growsâ€”could this be the start of a  sustained rebound? Key sectors leading the charge today. #StockMarket  #Investing,0,0
86,2025-04-23 15:31:14+00:00,"ğŸ¯ How did your portfolio perform today ?

#StockMarketIndia #StockMarket #Nifty50 #PopeFrancis #Bitcoin #Crypto #StocksToBuy #Pahalgam #Trump #PahalgamTerroristAttack",0,0
87,2025-04-23 15:31:11+00:00,$SAP: SAP SE making a big move after bouncing back with impressive EPS beat and guidance https://t.co/Zu4jXxw2b4 #earnings #stocks #stockanalysis #stockmarket #analysis #storystocks,0,2
88,2025-04-23 15:30:23+00:00,"I'm using a new website to help me analyze market and get more and more information to invest. Now I share it on my homepage.ğŸ¤‘
https://t.co/ZUTLQg0XeX

$TSLA $NVDA $MLGO $PLTR $AMD $GOOGL $AMZN #StockMarket #markets #InvestSmart",0,0
89,2025-04-23 15:30:19+00:00,"@allenanalysis Congratulations @realDonaldTrump on your #StockMarket success. You got the highest score! I hope all your followers are enjoying their emptier pockets .
https://t.co/HkuuvRVrMu",0,0
90,2025-04-23 15:30:17+00:00,"I'm using a new website to help me analyze market and get more and more information to invest. Now I share it on my homepage.ğŸ¤‘
https://t.co/5iY29nb3l4

$TSLA $NVDA $MLGO $PLTR $AMD $GOOGL $AMZN #StockMarket #markets #InvestSmart",0,0
91,2025-04-23 15:30:17+00:00,#RHM is back in the range. $RHM #Rheinmetall #StockMarket #Elliottwave https://t.co/XDCmHkUR7x,0,1
92,2025-04-23 15:30:13+00:00,"I'm using a new website to help me analyze market and get more and more information to invest. Now I share it on my homepage.ğŸ¤‘
https://t.co/UCO710Fc7D

$TSLA $NVDA $MLGO $PLTR $AMD $GOOGL $AMZN #StockMarket #markets #InvestSmart",0,0
93,2025-04-23 15:30:09+00:00,"I'm using a new website to help me analyze market and get more and more information to invest. Now I share it on my homepage.ğŸ¤‘
https://t.co/itlr4jgrW7

$TSLA $NVDA $MLGO $PLTR $AMD $GOOGL $AMZN #StockMarket #markets #InvestSmart",0,0
94,2025-04-23 15:30:05+00:00,"I'm using a new website to help me analyze market and get more and more information to invest. Now I share it on my homepage.ğŸ¤‘
https://t.co/b1rmr8DE4r

$TSLA $NVDA $MLGO $PLTR $AMD $GOOGL $AMZN #StockMarket #markets #InvestSmart",0,0
95,2025-04-23 15:30:04+00:00,"New NQ Keanu Strategy BUY Signal. Entry Price: 18915.25, TakeProfit Trim at: 18939.25 and StopLoss at: 18871 #daytrader #daytrading #stockmarket #trading #futurestrading #propfirm",0,0
96,2025-04-23 15:30:04+00:00,"Stock Market Quotes by Benjamin Graham 
#StockMarket #Investing #Trading #AUBANK #HCLTECH #GLAND #ASTRAZEN #BHARTIHEXA https://t.co/GRTgVjWymz",0,0
97,2025-04-23 15:30:02+00:00,"i donâ€™t want poopoo the ğŸŸ¢ day, and while i donâ€™t need to have opinion about this, it just feels like this is more cope than reality. but what do i know â€” iâ€™m just here to read the tea leaves as i feel them.

#stockmarket $QQQ $SPX $TSX",0,0
98,2025-04-23 15:30:01+00:00,"Markets on a rollercoaster!
Trump plays nice with China, pledges Fed independence, and markets cheer briefly.
ğŸ’µDollar jumps, then dives
ğŸ“‰Gold slides, rebounds, then pressured again
ğŸ“‰Tesla tanks: 71% profit plunge
Is this calm or just the eye of the storm?
#StockMarket #Trump",0,0
